ДАТА,ТИП,СО СЧЁТА,НА СЧЁТ / НА КАТЕГОРИЮ,СУММА,ВАЛЮТА,СУММА 2,ВАЛЮТА 2,МЕТКИ,ЗАМЕТКИ
17.12.2022,Расход,Карта,Хавчик,260,KZT,260,KZT,,
17.12.2022,Расход,Карта,Хавчик,630,KZT,630,KZT,,
17.12.2022,Расход,Карта,Хавчик,830,KZT,830,KZT,,
16.12.2022,Доход,Карта,Доход,7000,KZT,7000,KZT,,
16.12.2022,Расход,Карта,Хавчик,1440,KZT,1440,KZT,,
16.12.2022,Расход,Карта,Хавчик,8100,KZT,8100,KZT,,
15.12.2022,Доход,Карта,Доход,2000,KZT,2000,KZT,,
15.12.2022,Расход,Карта,Хавчик,300,KZT,300,KZT,,
15.12.2022,Расход,Карта,Хавчик,103,KZT,103,KZT,,
15.12.2022,Расход,Карта,Хавчик,260,KZT,260,KZT,,
15.12.2022,Расход,Карта,Хавчик,120,KZT,120,KZT,,
15.12.2022,Расход,Карта,Хавчик,760,KZT,760,KZT,,
14.12.2022,Расход,Карта,Покупки,1180,KZT,1180,KZT,,
14.12.2022,Расход,Карта,Хавчик,300,KZT,300,KZT,,
14.12.2022,Расход,Карта,Хавчик,470,KZT,470,KZT,,
14.12.2022,Расход,Карта,Хавчик,160,KZT,160,KZT,,
13.12.2022,Расход,Карта,Транспорт,460,KZT,460,KZT,,
13.12.2022,Доход,Карта,Доход,7000,KZT,7000,KZT,,
13.12.2022,Расход,Карта,Покупки,2000,KZT,2000,KZT,,
13.12.2022,Расход,Карта,Хавчик,95,KZT,95,KZT,,
13.12.2022,Расход,Карта,Хавчик,300,KZT,300,KZT,,
13.12.2022,Расход,Карта,Хавчик,250,KZT,250,KZT,,
13.12.2022,Расход,Карта,Хавчик,444,KZT,444,KZT,,
13.12.2022,Расход,Карта,Хавчик,95,KZT,95,KZT,,
13.12.2022,Расход,Карта,Хавчик,570,KZT,570,KZT,,
12.12.2022,Доход,Карта,Доход,7000,KZT,7000,KZT,,
12.12.2022,Расход,Карта,Покупки,20792,KZT,20792,KZT,,
12.12.2022,Расход,Карта,Хавчик,260,KZT,260,KZT,,
12.12.2022,Расход,Карта,Покупки,700,KZT,700,KZT,,
11.12.2022,Расход,Карта,Хавчик,630,KZT,630,KZT,,
11.12.2022,Расход,Карта,Транспорт,447,KZT,447,KZT,,
11.12.2022,Расход,Карта,Хавчик,490,KZT,490,KZT,,
11.12.2022,Расход,Карта,Хавчик,800,KZT,800,KZT,,
10.12.2022,Доход,Карта,Доход,7000,KZT,7000,KZT,,
10.12.2022,Расход,Карта,Хавчик,630,KZT,630,KZT,,
10.12.2022,Расход,Карта,Хавчик,359,KZT,359,KZT,,
10.12.2022,Расход,Карта,Транспорт,800,KZT,800,KZT,,
10.12.2022,Расход,Карта,Образование,2020,KZT,2020,KZT,,
10.12.2022,Расход,Карта,Хавчик,723.36,KZT,723.36,KZT,,
10.12.2022,Расход,Карта,Хавчик,1340,KZT,1340,KZT,,
09.12.2022,Расход,Карта,Хавчик,1440,KZT,1440,KZT,,
08.12.2022,Расход,Карта,Хавчик,120,KZT,120,KZT,,
08.12.2022,Расход,Карта,Хавчик,310,KZT,310,KZT,,
08.12.2022,Расход,Карта,Хавчик,200,KZT,200,KZT,,
07.12.2022,Расход,Карта,Хавчик,465,KZT,465,KZT,,
07.12.2022,Расход,Карта,Хавчик,250,KZT,250,KZT,,
07.12.2022,Расход,Карта,Хавчик,192,KZT,192,KZT,,
07.12.2022,Расход,Карта,Хавчик,465,KZT,465,KZT,,
07.12.2022,Расход,Карта,Хавчик,250,KZT,250,KZT,,
06.12.2022,Доход,Карта,Доход,7000,KZT,7000,KZT,,
06.12.2022,Расход,Карта,Покупки,6500,KZT,6500,KZT,,
06.12.2022,Расход,Карта,Покупки,500,KZT,500,KZT,,
06.12.2022,Расход,Карта,Хавчик,630,KZT,630,KZT,,
06.12.2022,Расход,Карта,Хавчик,252,KZT,252,KZT,,
06.12.2022,Расход,Карта,Хавчик,250,KZT,250,KZT,,
06.12.2022,Расход,Карта,Хавчик,190,KZT,190,KZT,,
06.12.2022,Расход,Карта,Хавчик,100,KZT,100,KZT,,
06.12.2022,Расход,Карта,Тариф,3091.09,KZT,3091.09,KZT,,
05.12.2022,Доход,Карта,Доход,7000,KZT,7000,KZT,,
05.12.2022,Расход,Карта,Покупки,4000,KZT,4000,KZT,,
05.12.2022,Расход,Карта,Покупки,2014,KZT,2014,KZT,,
05.12.2022,Расход,Карта,Хавчик,390,KZT,390,KZT,,
05.12.2022,Расход,Карта,Тариф,10.1,KZT,10.1,KZT,,
05.12.2022,Расход,Карта,Хавчик,760,KZT,760,KZT,,
05.12.2022,Расход,Карта,Хавчик,140,KZT,140,KZT,,
04.12.2022,Расход,Карта,Хавчик,160,KZT,160,KZT,,
04.12.2022,Расход,Карта,Хавчик,850,KZT,850,KZT,,
04.12.2022,Расход,Карта,Хавчик,15,KZT,15,KZT,,
04.12.2022,Расход,Карта,Хавчик,330,KZT,330,KZT,,
04.12.2022,Расход,Карта,Хавчик,530,KZT,530,KZT,,
04.12.2022,Расход,Карта,Хавчик,420,KZT,420,KZT,,
03.12.2022,Доход,Карта,Доход,7000,KZT,7000,KZT,,
03.12.2022,Расход,Карта,Хавчик,3315,KZT,3315,KZT,,
03.12.2022,Расход,Карта,Хавчик,315,KZT,315,KZT,,
02.12.2022,Расход,Карта,Хавчик,470,KZT,470,KZT,,
02.12.2022,Расход,Карта,Хавчик,1280,KZT,1280,KZT,,
02.12.2022,Расход,Карта,Покупки,1000,KZT,1000,KZT,,
02.12.2022,Расход,Карта,Транспорт,1260,KZT,1260,KZT,,
02.12.2022,Расход,Карта,Покупки,600,KZT,600,KZT,,
02.12.2022,Расход,Карта,Транспорт,2390,KZT,2390,KZT,,
02.12.2022,Расход,Карта,Хавчик,820,KZT,820,KZT,,
01.12.2022,Доход,Карта,Доход,4000,KZT,4000,KZT,,
01.12.2022,Расход,Карта,Покупки,2000,KZT,2000,KZT,,
01.12.2022,Доход,Карта,Доход,350,KZT,350,KZT,,
01.12.2022,Доход,Карта,Доход,8000,KZT,8000,KZT,,
01.12.2022,Расход,Карта,Хавчик,680,KZT,680,KZT,,
01.12.2022,Доход,Карта,Доход,150,KZT,150,KZT,,
01.12.2022,Расход,Карта,Хавчик,710,KZT,710,KZT,,
01.12.2022,Расход,Карта,Досуг,1600,KZT,1600,KZT,,
01.12.2022,Расход,Карта,Хавчик,1890,KZT,1890,KZT,,
01.12.2022,Расход,Карта,Хавчик,1280,KZT,1280,KZT,,
30.11.2022,Расход,Карта,Покупки,140,KZT,140,KZT,,
30.11.2022,Расход,Карта,Покупки,800,KZT,800,KZT,,
30.11.2022,Расход,Карта,Хавчик,108,KZT,108,KZT,,
30.11.2022,Расход,Карта,Покупки,100,KZT,100,KZT,,
29.11.2022,Доход,Карта,Доход,600,KZT,600,KZT,,
29.11.2022,Доход,Карта,Доход,4000,KZT,4000,KZT,,
29.11.2022,Расход,Карта,Покупки,2000,KZT,2000,KZT,,
29.11.2022,Расход,Карта,Покупки,500,KZT,500,KZT,,
29.11.2022,Расход,Карта,Хавчик,175,KZT,175,KZT,,
29.11.2022,Расход,Карта,Покупки,1000,KZT,1000,KZT,,
28.11.2022,Доход,Карта,Доход,7000,KZT,7000,KZT,,
28.11.2022,Расход,Карта,Хавчик,252,KZT,252,KZT,,
28.11.2022,Расход,Карта,Покупки,6013,KZT,6013,KZT,,
28.11.2022,Расход,Карта,Хавчик,130,KZT,130,KZT,,
28.11.2022,Расход,Карта,Хавчик,260,KZT,260,KZT,,
28.11.2022,Расход,Карта,Хавчик,235,KZT,235,KZT,,
27.11.2022,Расход,Карта,Хавчик,135,KZT,135,KZT,,
27.11.2022,Расход,Карта,Хавчик,240,KZT,240,KZT,,
27.11.2022,Расход,Карта,Хавчик,120,KZT,120,KZT,,
27.11.2022,Расход,Карта,Покупки,2000,KZT,2000,KZT,,
27.11.2022,Доход,Карта,Доход,1000,KZT,1000,KZT,,
27.11.2022,Расход,Карта,Хавчик,240,KZT,240,KZT,,
27.11.2022,Расход,Карта,Транспорт,131.86,KZT,131.86,KZT,,
27.11.2022,Расход,Карта,Транспорт,500,KZT,500,KZT,,
26.11.2022,Доход,Карта,Доход,1650,KZT,1650,KZT,,
26.11.2022,Доход,Карта,Доход,7000,KZT,7000,KZT,,
26.11.2022,Расход,Карта,Покупки,5000,KZT,5000,KZT,,
26.11.2022,Расход,Карта,Жильё,40000,KZT,40000,KZT,,
26.11.2022,Расход,Карта,Хавчик,250,KZT,250,KZT,,
25.11.2022,Расход,Карта,Хавчик,1185,KZT,1185,KZT,,
25.11.2022,Расход,Карта,Хавчик,180,KZT,180,KZT,,
25.11.2022,Расход,Карта,Хавчик,430,KZT,430,KZT,,
24.11.2022,Расход,Карта,Хавчик,260,KZT,260,KZT,,
24.11.2022,Расход,Карта,Хавчик,107,KZT,107,KZT,,
24.11.2022,Расход,Карта,Хавчик,1130,KZT,1130,KZT,,
24.11.2022,Расход,Карта,Покупки,3800,KZT,3800,KZT,,
23.11.2022,Расход,Карта,Покупки,100,KZT,100,KZT,,
23.11.2022,Доход,Карта,Доход,450,KZT,450,KZT,,
23.11.2022,Расход,Карта,Хавчик,252,KZT,252,KZT,,
23.11.2022,Расход,Карта,Хавчик,260,KZT,260,KZT,,
23.11.2022,Расход,Карта,Хавчик,307,KZT,307,KZT,,
23.11.2022,Расход,Карта,Продукты,1450,KZT,1450,KZT,,
22.11.2022,Расход,Карта,Хавчик,500,KZT,500,KZT,,
22.11.2022,Расход,Карта,Хавчик,205,KZT,205,KZT,,
22.11.2022,Расход,Карта,Хавчик,400,KZT,400,KZT,,
22.11.2022,Расход,Карта,Хавчик,310,KZT,310,KZT,,
22.11.2022,Расход,Карта,Хавчик,250,KZT,250,KZT,,
22.11.2022,Расход,Карта,Покупки,330,KZT,330,KZT,,
22.11.2022,Расход,Карта,Хавчик,210,KZT,210,KZT,,
22.11.2022,Расход,Карта,Хавчик,1050,KZT,1050,KZT,,
22.11.2022,Доход,Карта,Доход,7000,KZT,7000,KZT,,
22.11.2022,Расход,Карта,Покупки,2500,KZT,2500,KZT,,
22.11.2022,Расход,Карта,Хавчик,1410,KZT,1410,KZT,,
22.11.2022,Расход,Карта,Покупки,330,KZT,330,KZT,,
21.11.2022,Расход,Карта,Хавчик,880,KZT,880,KZT,,
21.11.2022,Расход,Карта,Хавчик,900,KZT,900,KZT,,
21.11.2022,Расход,Карта,Покупки,500,KZT,500,KZT,,
21.11.2022,Доход,Карта,Доход,7000,KZT,7000,KZT,,
21.11.2022,Доход,Карта,Доход,1300,KZT,1300,KZT,,
21.11.2022,Расход,Карта,Хавчик,540,KZT,540,KZT,,
21.11.2022,Расход,Карта,Хавчик,300,KZT,300,KZT,,
20.11.2022,Расход,Карта,Хавчик,260,KZT,260,KZT,,
19.11.2022,Расход,Карта,Хавчик,550,KZT,550,KZT,,
19.11.2022,Расход,Карта,Хавчик,678,KZT,678,KZT,,
19.11.2022,Расход,Карта,Хавчик,300,KZT,300,KZT,,
19.11.2022,Доход,Карта,Доход,7000,KZT,7000,KZT,,
19.11.2022,Расход,Карта,Хавчик,252,KZT,252,KZT,,
19.11.2022,Расход,Карта,Хавчик,470,KZT,470,KZT,,
18.11.2022,Расход,Карта,Хавчик,145,KZT,145,KZT,,
18.11.2022,Расход,Карта,Хавчик,195,KZT,195,KZT,,
18.11.2022,Расход,Карта,Хавчик,260,KZT,260,KZT,,
17.11.2022,Расход,Карта,Хавчик,295,KZT,295,KZT,,
17.11.2022,Расход,Карта,Хавчик,220,KZT,220,KZT,,
17.11.2022,Расход,Карта,Хавчик,1200,KZT,1200,KZT,,
16.11.2022,Расход,Карта,Хавчик,180,KZT,180,KZT,,
16.11.2022,Расход,Карта,Хавчик,244,KZT,244,KZT,,
16.11.2022,Расход,Карта,Хавчик,595,KZT,595,KZT,,
16.11.2022,Расход,Карта,Хавчик,320,KZT,320,KZT,,
15.11.2022,Расход,Карта,Хавчик,1325,KZT,1325,KZT,,
15.11.2022,Расход,Карта,Хавчик,500,KZT,500,KZT,,
15.11.2022,Расход,Карта,Хавчик,114,KZT,114,KZT,,
14.11.2022,Расход,Карта,Хавчик,252,KZT,252,KZT,,
14.11.2022,Расход,Карта,Хавчик,320,KZT,320,KZT,,
14.11.2022,Расход,Карта,Хавчик,200,KZT,200,KZT,,
14.11.2022,Расход,Карта,Транспорт,500,KZT,500,KZT,,
14.11.2022,Расход,Карта,Хавчик,706,KZT,706,KZT,,
13.11.2022,Расход,Карта,Хавчик,820,KZT,820,KZT,,
13.11.2022,Расход,Карта,Хавчик,420,KZT,420,KZT,,
13.11.2022,Расход,Карта,Хавчик,130,KZT,130,KZT,,
13.11.2022,Расход,Карта,Хавчик,185,KZT,185,KZT,,
13.11.2022,Расход,Карта,Хавчик,400,KZT,400,KZT,,
12.11.2022,Доход,Карта,Доход,9000,KZT,9000,KZT,,
12.11.2022,Расход,Карта,Хавчик,180,KZT,180,KZT,,
12.11.2022,Расход,Карта,Досуг,1300,KZT,1300,KZT,,
12.11.2022,Расход,Карта,Хавчик,350,KZT,350,KZT,,
12.11.2022,Расход,Карта,Хавчик,2040,KZT,2040,KZT,,
11.11.2022,Расход,Карта,Хавчик,133,KZT,133,KZT,,
11.11.2022,Расход,Карта,Покупки,300,KZT,300,KZT,,
11.11.2022,Расход,Карта,Хавчик,505,KZT,505,KZT,,
10.11.2022,Расход,Карта,Хавчик,405,KZT,405,KZT,,
10.11.2022,Расход,Карта,Хавчик,378,KZT,378,KZT,,
10.11.2022,Расход,Карта,Хавчик,189,KZT,189,KZT,,
10.11.2022,Доход,Карта,Доход,5000,KZT,5000,KZT,,
09.11.2022,Доход,Карта,Доход,180,KZT,180,KZT,,
09.11.2022,Расход,Карта,Хавчик,175,KZT,175,KZT,,
09.11.2022,Расход,Карта,Хавчик,525,KZT,525,KZT,,
09.11.2022,Расход,Карта,Хавчик,600,KZT,600,KZT,,
08.11.2022,Расход,Карта,Покупки,200,KZT,200,KZT,,
08.11.2022,Расход,Карта,Продукты,400,KZT,400,KZT,,
08.11.2022,Доход,Карта,Доход,7000,KZT,7000,KZT,,
08.11.2022,Расход,Карта,Хавчик,180,KZT,180,KZT,,
08.11.2022,Расход,Карта,Хавчик,345,KZT,345,KZT,,
08.11.2022,Расход,Карта,Хавчик,300,KZT,300,KZT,,
07.11.2022,Расход,Карта,Хавчик,250,KZT,250,KZT,,
07.11.2022,Доход,Карта,Доход,8000,KZT,8000,KZT,,
06.11.2022,Доход,Карта,Доход,2000,KZT,2000,KZT,,
06.11.2022,Доход,Карта,Доход,2000,KZT,2000,KZT,,
06.11.2022,Расход,Карта,Хавчик,610,KZT,610,KZT,,
06.11.2022,Расход,Карта,Тариф,4000,KZT,4000,KZT,,
05.11.2022,Расход,Карта,Покупки,1259,KZT,1259,KZT,,
05.11.2022,Расход,Карта,Хавчик,680,KZT,680,KZT,,
05.11.2022,Расход,Карта,Покупки,4500,KZT,4500,KZT,,
05.11.2022,Доход,Карта,Доход,7000,KZT,7000,KZT,,
04.11.2022,Доход,Карта,Доход,3000,KZT,3000,KZT,,
04.11.2022,Расход,Карта,Хавчик,600,KZT,600,KZT,,
04.11.2022,Расход,Карта,Продукты,1753,KZT,1753,KZT,,
04.11.2022,Расход,Карта,Покупки,430,KZT,430,KZT,,
04.11.2022,Расход,Карта,Хавчик,380,KZT,380,KZT,,
03.11.2022,Расход,Карта,Хавчик,400,KZT,400,KZT,,
02.11.2022,Расход,Карта,Хавчик,180,KZT,180,KZT,,
02.11.2022,Расход,Карта,Хавчик,775,KZT,775,KZT,,
02.11.2022,Расход,Карта,Хавчик,490,KZT,490,KZT,,
01.11.2022,Расход,Карта,Хавчик,375,KZT,375,KZT,,
31.10.2022,Расход,Карта,Хавчик,158,KZT,158,KZT,,
31.10.2022,Расход,Карта,Хавчик,1000,KZT,1000,KZT,,
31.10.2022,Расход,Карта,Хавчик,630,KZT,630,KZT,,
31.10.2022,Расход,Карта,Хавчик,710,KZT,710,KZT,,
31.10.2022,Расход,Карта,Gym,10400,KZT,10400,KZT,,
30.10.2022,Расход,Карта,Покупки,60,KZT,60,KZT,,
30.10.2022,Расход,Карта,Хавчик,1600,KZT,1600,KZT,,
30.10.2022,Расход,Карта,Хавчик,450,KZT,450,KZT,,
30.10.2022,Расход,Карта,Хавчик,263,KZT,263,KZT,,
30.10.2022,Расход,Карта,Хавчик,310,KZT,310,KZT,,
29.10.2022,Расход,Карта,Хавчик,154,KZT,154,KZT,,
29.10.2022,Расход,Карта,Хавчик,136,KZT,136,KZT,,
29.10.2022,Расход,Карта,Хавчик,280,KZT,280,KZT,,
28.10.2022,Расход,Карта,Жильё,4000,KZT,4000,KZT,,
28.10.2022,Расход,Карта,Хавчик,210,KZT,210,KZT,,
28.10.2022,Расход,Карта,Хавчик,210,KZT,210,KZT,,
28.10.2022,Расход,Карта,Хавчик,220,KZT,220,KZT,,
27.10.2022,Расход,Карта,Хавчик,250,KZT,250,KZT,,
27.10.2022,Расход,Карта,Досуг,7500,KZT,7500,KZT,,
27.10.2022,Расход,Карта,Хавчик,180,KZT,180,KZT,,
26.10.2022,Расход,Карта,Покупки,2000,KZT,2000,KZT,,
26.10.2022,Расход,Карта,Коммуналка,2950,KZT,2950,KZT,,
26.10.2022,Расход,Карта,Покупки,9690,KZT,9690,KZT,,
26.10.2022,Расход,Карта,Хавчик,480,KZT,480,KZT,,
26.10.2022,Расход,Карта,Хавчик,310,KZT,310,KZT,,
26.10.2022,Расход,Карта,Покупки,99,KZT,99,KZT,,
26.10.2022,Расход,Карта,Жильё,36000,KZT,36000,KZT,,
25.10.2022,Расход,Карта,Хавчик,562,KZT,562,KZT,,
25.10.2022,Расход,Карта,Досуг,650,KZT,650,KZT,,
25.10.2022,Расход,Карта,Покупки,330,KZT,330,KZT,,
25.10.2022,Расход,Карта,Хавчик,1700,KZT,1700,KZT,,
25.10.2022,Расход,Карта,Хавчик,690,KZT,690,KZT,,
24.10.2022,Расход,Карта,Хавчик,495,KZT,495,KZT,,
24.10.2022,Расход,Карта,Хавчик,630,KZT,630,KZT,,
24.10.2022,Расход,Карта,Хавчик,300,KZT,300,KZT,,
24.10.2022,Расход,Карта,Досуг,1500,KZT,1500,KZT,,
24.10.2022,Расход,Карта,Хавчик,400,KZT,400,KZT,,
24.10.2022,Расход,Карта,Хавчик,670,KZT,670,KZT,,
23.10.2022,Расход,Карта,Хавчик,800,KZT,800,KZT,,
23.10.2022,Расход,Карта,Хавчик,1450,KZT,1450,KZT,,
23.10.2022,Расход,Карта,Хавчик,260,KZT,260,KZT,,
23.10.2022,Расход,Карта,Хавчик,508,KZT,508,KZT,,
23.10.2022,Расход,Карта,Хавчик,185,KZT,185,KZT,,
23.10.2022,Расход,Карта,Хавчик,310,KZT,310,KZT,,
23.10.2022,Расход,Карта,Хавчик,195,KZT,195,KZT,,
22.10.2022,Расход,Карта,Хавчик,680,KZT,680,KZT,,
22.10.2022,Расход,Карта,Хавчик,275,KZT,275,KZT,,
22.10.2022,Расход,Карта,Продукты,2495,KZT,2495,KZT,,
22.10.2022,Расход,Карта,Хавчик,350,KZT,350,KZT,,
22.10.2022,Расход,Карта,Покупки,190,KZT,190,KZT,,
21.10.2022,Расход,Карта,Хавчик,440,KZT,440,KZT,,
21.10.2022,Расход,Карта,Хавчик,300,KZT,300,KZT,,
21.10.2022,Расход,Карта,Хавчик,165,KZT,165,KZT,,
21.10.2022,Расход,Карта,Хавчик,40,KZT,40,KZT,,
21.10.2022,Расход,Карта,Хавчик,830,KZT,830,KZT,,
21.10.2022,Расход,Карта,Хавчик,60,KZT,60,KZT,,
21.10.2022,Расход,Карта,Хавчик,155,KZT,155,KZT,,
20.10.2022,Расход,Карта,Хавчик,900,KZT,900,KZT,,
20.10.2022,Расход,Карта,Хавчик,850,KZT,850,KZT,,
19.10.2022,Расход,Карта,Покупки,1200,KZT,1200,KZT,,
19.10.2022,Расход,Карта,Хавчик,1035,KZT,1035,KZT,,
19.10.2022,Расход,Карта,Хавчик,350,KZT,350,KZT,,
18.10.2022,Расход,Карта,Хавчик,160,KZT,160,KZT,,
18.10.2022,Расход,Карта,Хавчик,150,KZT,150,KZT,,
18.10.2022,Расход,Карта,Хавчик,195,KZT,195,KZT,,
18.10.2022,Расход,Карта,Хавчик,250,KZT,250,KZT,,
18.10.2022,Расход,Карта,Хавчик,390,KZT,390,KZT,,
17.10.2022,Расход,Карта,Хавчик,155,KZT,155,KZT,,
17.10.2022,Расход,Карта,Хавчик,390,KZT,390,KZT,,
17.10.2022,Расход,Карта,Хавчик,550,KZT,550,KZT,,
17.10.2022,Расход,Карта,Покупки,3500,KZT,3500,KZT,,
17.10.2022,Расход,Карта,Хавчик,710,KZT,710,KZT,,
17.10.2022,Расход,Карта,Хавчик,285,KZT,285,KZT,,
17.10.2022,Расход,Карта,Хавчик,350,KZT,350,KZT,,
17.10.2022,Расход,Карта,Хавчик,270,KZT,270,KZT,,
17.10.2022,Расход,Карта,Хавчик,900,KZT,900,KZT,,
16.10.2022,Расход,Карта,Хавчик,95,KZT,95,KZT,,
16.10.2022,Расход,Карта,Покупки,7000,KZT,7000,KZT,,
16.10.2022,Расход,Карта,Транспорт,471,KZT,471,KZT,,
16.10.2022,Расход,Карта,Хавчик,1580,KZT,1580,KZT,,
16.10.2022,Расход,Карта,Хавчик,450,KZT,450,KZT,,
15.10.2022,Расход,Карта,Хавчик,350,KZT,350,KZT,,
15.10.2022,Расход,Карта,Хавчик,200,KZT,200,KZT,,
15.10.2022,Расход,Карта,Хавчик,278,KZT,278,KZT,,
15.10.2022,Расход,Карта,Продукты,1530,KZT,1530,KZT,,
15.10.2022,Расход,Карта,Хавчик,330,KZT,330,KZT,,
15.10.2022,Расход,Карта,Хавчик,200,KZT,200,KZT,,
15.10.2022,Расход,Карта,Хавчик,350,KZT,350,KZT,,
14.10.2022,Расход,Карта,Хавчик,978,KZT,978,KZT,,
14.10.2022,Расход,Карта,Хавчик,400,KZT,400,KZT,,
14.10.2022,Расход,Карта,Хавчик,600,KZT,600,KZT,,
14.10.2022,Расход,Карта,Хавчик,260,KZT,260,KZT,,
13.10.2022,Расход,Карта,Хавчик,460,KZT,460,KZT,,
13.10.2022,Расход,Карта,Покупки,4875,KZT,4875,KZT,,
13.10.2022,Расход,Карта,Одежда,27020,KZT,27020,KZT,,
12.10.2022,Расход,Карта,Покупки,70,KZT,70,KZT,,
12.10.2022,Расход,Карта,Хавчик,300,KZT,300,KZT,,
12.10.2022,Расход,Карта,Хавчик,190,KZT,190,KZT,,
12.10.2022,Расход,Карта,Хавчик,300,KZT,300,KZT,,
12.10.2022,Расход,Карта,Хавчик,385,KZT,385,KZT,,
12.10.2022,Расход,Карта,Хавчик,212,KZT,212,KZT,,
11.10.2022,Расход,Карта,Досуг,700,KZT,700,KZT,,
11.10.2022,Расход,Карта,Хавчик,189,KZT,189,KZT,,
11.10.2022,Расход,Карта,Транспорт,770,KZT,770,KZT,,
11.10.2022,Расход,Карта,Хавчик,279,KZT,279,KZT,,
11.10.2022,Расход,Карта,Хавчик,95,KZT,95,KZT,,
11.10.2022,Расход,Карта,Хавчик,220,KZT,220,KZT,,
10.10.2022,Расход,Карта,Хавчик,190,KZT,190,KZT,,
10.10.2022,Расход,Карта,Транспорт,480,KZT,480,KZT,,
10.10.2022,Расход,Карта,Хавчик,270,KZT,270,KZT,,
09.10.2022,Расход,Карта,Хавчик,181,KZT,181,KZT,,
09.10.2022,Расход,Карта,Хавчик,790,KZT,790,KZT,,
09.10.2022,Расход,Карта,Покупки,1800,KZT,1800,KZT,,
09.10.2022,Расход,Карта,Хавчик,400,KZT,400,KZT,,
09.10.2022,Расход,Карта,Хавчик,664,KZT,664,KZT,,
09.10.2022,Расход,Карта,Хавчик,120,KZT,120,KZT,,
09.10.2022,Расход,Карта,Хавчик,840,KZT,840,KZT,,
08.10.2022,Расход,Карта,Хавчик,2350,KZT,2350,KZT,,
08.10.2022,Расход,Карта,Хавчик,638,KZT,638,KZT,,
08.10.2022,Расход,Карта,Хавчик,420,KZT,420,KZT,,
08.10.2022,Расход,Карта,Хавчик,180,KZT,180,KZT,,
08.10.2022,Расход,Карта,Хавчик,300,KZT,300,KZT,,
08.10.2022,Расход,Карта,Хавчик,220,KZT,220,KZT,,
08.10.2022,Расход,Карта,Хавчик,350,KZT,350,KZT,,
07.10.2022,Расход,Карта,Хавчик,450,KZT,450,KZT,,
07.10.2022,Расход,Карта,Хавчик,400,KZT,400,KZT,,
07.10.2022,Расход,Карта,Хавчик,390,KZT,390,KZT,,
07.10.2022,Расход,Карта,Хавчик,790,KZT,790,KZT,,
07.10.2022,Расход,Карта,Хавчик,167,KZT,167,KZT,,
06.10.2022,Расход,Карта,Продукты,107,KZT,107,KZT,,
06.10.2022,Расход,Карта,Продукты,1359,KZT,1359,KZT,,
06.10.2022,Расход,Карта,Транспорт,255,KZT,255,KZT,,
06.10.2022,Расход,Карта,Хавчик,1200,KZT,1200,KZT,,
05.10.2022,Расход,Карта,Хавчик,1080,KZT,1080,KZT,,
05.10.2022,Расход,Карта,Хавчик,362,KZT,362,KZT,,
05.10.2022,Расход,Карта,Транспорт,80,KZT,80,KZT,,
05.10.2022,Расход,Карта,Хавчик,220,KZT,220,KZT,,
05.10.2022,Расход,Карта,Хавчик,550,KZT,550,KZT,,
05.10.2022,Расход,Карта,Покупки,1330,KZT,1330,KZT,,
05.10.2022,Расход,Карта,Транспорт,2350,KZT,2350,KZT,,
05.10.2022,Расход,Карта,Хавчик,400,KZT,400,KZT,,
05.10.2022,Расход,Карта,Хавчик,133,KZT,133,KZT,,
05.10.2022,Расход,Карта,Хавчик,190,KZT,190,KZT,,
04.10.2022,Расход,Карта,Хавчик,485,KZT,485,KZT,,
04.10.2022,Расход,Карта,Хавчик,1740,KZT,1740,KZT,,
04.10.2022,Расход,Карта,Покупки,850,KZT,850,KZT,,
04.10.2022,Расход,Карта,Хавчик,900,KZT,900,KZT,,
03.10.2022,Расход,Карта,Хавчик,980,KZT,980,KZT,,
03.10.2022,Расход,Карта,Хавчик,450,KZT,450,KZT,,
03.10.2022,Расход,Карта,Хавчик,350,KZT,350,KZT,,
03.10.2022,Расход,Карта,Хавчик,360,KZT,360,KZT,,
02.10.2022,Расход,Карта,Покупки,390,KZT,390,KZT,,
02.10.2022,Расход,Карта,Хавчик,290,KZT,290,KZT,,
02.10.2022,Расход,Карта,Хавчик,176,KZT,176,KZT,,
02.10.2022,Расход,Карта,Покупки,480,KZT,480,KZT,,
02.10.2022,Расход,Карта,Хавчик,250,KZT,250,KZT,,
02.10.2022,Расход,Карта,Хавчик,260,KZT,260,KZT,,
01.10.2022,Расход,Карта,Хавчик,590,KZT,590,KZT,,
01.10.2022,Расход,Карта,Хавчик,750,KZT,750,KZT,,
30.09.2022,Расход,Карта,Хавчик,1170,KZT,1170,KZT,,
30.09.2022,Расход,Карта,Хавчик,300,KZT,300,KZT,,
30.09.2022,Расход,Карта,Хавчик,700,KZT,700,KZT,,
30.09.2022,Расход,Карта,Хавчик,220,KZT,220,KZT,,
29.09.2022,Расход,Карта,Хавчик,1900,KZT,1900,KZT,,
29.09.2022,Расход,Карта,Хавчик,230,KZT,230,KZT,,
29.09.2022,Расход,Карта,Хавчик,890,KZT,890,KZT,,
29.09.2022,Расход,Карта,Хавчик,1090,KZT,1090,KZT,,
29.09.2022,Расход,Карта,Хавчик,230,KZT,230,KZT,,
28.09.2022,Расход,Карта,Хавчик,460,KZT,460,KZT,,
28.09.2022,Расход,Карта,Хавчик,830,KZT,830,KZT,,
28.09.2022,Расход,Карта,Хавчик,100,KZT,100,KZT,,
28.09.2022,Расход,Карта,Хавчик,370,KZT,370,KZT,,
28.09.2022,Расход,Карта,Хавчик,400,KZT,400,KZT,,
28.09.2022,Расход,Карта,Хавчик,470,KZT,470,KZT,,
27.09.2022,Расход,Карта,Хавчик,162,KZT,162,KZT,,
27.09.2022,Расход,Карта,Хавчик,355,KZT,355,KZT,,
27.09.2022,Расход,Карта,Хавчик,200,KZT,200,KZT,,
26.09.2022,Расход,Карта,Хавчик,180,KZT,180,KZT,,
26.09.2022,Расход,Карта,Жильё,30000,KZT,30000,KZT,,
26.09.2022,Расход,Карта,Хавчик,470,KZT,470,KZT,,
26.09.2022,Расход,Карта,Хавчик,280,KZT,280,KZT,,
26.09.2022,Расход,Карта,Хавчик,201,KZT,201,KZT,,
26.09.2022,Расход,Карта,Хавчик,300,KZT,300,KZT,,
25.09.2022,Расход,Карта,Хавчик,710,KZT,710,KZT,,
25.09.2022,Расход,Карта,Хавчик,152,KZT,152,KZT,,
25.09.2022,Расход,Карта,Хавчик,200,KZT,200,KZT,,
25.09.2022,Расход,Карта,Хавчик,601,KZT,601,KZT,,
25.09.2022,Расход,Карта,Хавчик,182,KZT,182,KZT,,
25.09.2022,Расход,Карта,Хавчик,176,KZT,176,KZT,,
25.09.2022,Расход,Карта,Хавчик,250,KZT,250,KZT,,
25.09.2022,Расход,Карта,Хавчик,710,KZT,710,KZT,,
24.09.2022,Расход,Карта,Продукты,2190,KZT,2190,KZT,,
24.09.2022,Расход,Карта,Транспорт,80,KZT,80,KZT,,
24.09.2022,Расход,Карта,Транспорт,500,KZT,500,KZT,,
24.09.2022,Расход,Карта,Хавчик,489,KZT,489,KZT,,
24.09.2022,Расход,Карта,Хавчик,178,KZT,178,KZT,,
23.09.2022,Расход,Карта,Хавчик,174,KZT,174,KZT,,
23.09.2022,Расход,Карта,Хавчик,850,KZT,850,KZT,,
23.09.2022,Расход,Карта,Хавчик,660,KZT,660,KZT,,
23.09.2022,Расход,Карта,Хавчик,710,KZT,710,KZT,,
22.09.2022,Расход,Карта,Покупки,330,KZT,330,KZT,,
22.09.2022,Расход,Карта,Хавчик,1280,KZT,1280,KZT,,
22.09.2022,Расход,Карта,Хавчик,970,KZT,970,KZT,,
22.09.2022,Расход,Карта,Хавчик,320,KZT,320,KZT,,
22.09.2022,Расход,Карта,Хавчик,330,KZT,330,KZT,,
22.09.2022,Расход,Карта,Хавчик,305,KZT,305,KZT,,
21.09.2022,Расход,Карта,Покупки,70,KZT,70,KZT,,
21.09.2022,Расход,Карта,Хавчик,270,KZT,270,KZT,,
21.09.2022,Расход,Карта,Хавчик,190,KZT,190,KZT,,
21.09.2022,Расход,Карта,Хавчик,148,KZT,148,KZT,,
21.09.2022,Расход,Карта,Хавчик,112,KZT,112,KZT,,
21.09.2022,Расход,Карта,Хавчик,160,KZT,160,KZT,,
21.09.2022,Расход,Карта,Хавчик,500,KZT,500,KZT,,
21.09.2022,Расход,Карта,Покупки,1000,KZT,1000,KZT,,
21.09.2022,Расход,Карта,Хавчик,300,KZT,300,KZT,,
20.09.2022,Расход,Карта,Хавчик,233,KZT,233,KZT,,
20.09.2022,Расход,Карта,Хавчик,152,KZT,152,KZT,,
20.09.2022,Расход,Карта,Хавчик,168,KZT,168,KZT,,
20.09.2022,Расход,Карта,Покупки,260,KZT,260,KZT,,
20.09.2022,Расход,Карта,Хавчик,900,KZT,900,KZT,,
19.09.2022,Расход,Карта,Покупки,250,KZT,250,KZT,,
19.09.2022,Расход,Карта,Хавчик,160,KZT,160,KZT,,
19.09.2022,Расход,Карта,Хавчик,210,KZT,210,KZT,,
18.09.2022,Расход,Карта,Хавчик,430,KZT,430,KZT,,
18.09.2022,Расход,Карта,Хавчик,2350,KZT,2350,KZT,,
18.09.2022,Расход,Карта,Хавчик,500,KZT,500,KZT,,
18.09.2022,Расход,Карта,Хавчик,175,KZT,175,KZT,,
17.09.2022,Расход,Карта,Хавчик,2420,KZT,2420,KZT,,
17.09.2022,Расход,Карта,Хавчик,190,KZT,190,KZT,,
16.09.2022,Расход,Карта,Хавчик,220,KZT,220,KZT,,
15.09.2022,Расход,Карта,Покупки,140,KZT,140,KZT,,
15.09.2022,Расход,Карта,Транспорт,500,KZT,500,KZT,,
15.09.2022,Расход,Карта,Хавчик,900,KZT,900,KZT,,
15.09.2022,Расход,Карта,Хавчик,200,KZT,200,KZT,,
15.09.2022,Расход,Карта,Хавчик,380,KZT,380,KZT,,
15.09.2022,Расход,Карта,Хавчик,1482,KZT,1482,KZT,,
14.09.2022,Расход,Карта,Хавчик,260,KZT,260,KZT,,
14.09.2022,Расход,Карта,Хавчик,300,KZT,300,KZT,,
14.09.2022,Расход,Карта,Хавчик,550,KZT,550,KZT,,
14.09.2022,Расход,Карта,Хавчик,192,KZT,192,KZT,,
14.09.2022,Расход,Карта,Хавчик,156,KZT,156,KZT,,
13.09.2022,Расход,Карта,Лекарства,480,KZT,480,KZT,,
13.09.2022,Расход,Карта,Хавчик,250,KZT,250,KZT,,
13.09.2022,Расход,Карта,Хавчик,920,KZT,920,KZT,,
13.09.2022,Расход,Карта,Хавчик,350,KZT,350,KZT,,
13.09.2022,Расход,Карта,Хавчик,200,KZT,200,KZT,,
13.09.2022,Расход,Карта,Хавчик,1090,KZT,1090,KZT,,
13.09.2022,Расход,Карта,Хавчик,485,KZT,485,KZT,,
12.09.2022,Расход,Карта,Одежда,1000,KZT,1000,KZT,,
12.09.2022,Расход,Карта,Покупки,150,KZT,150,KZT,,
12.09.2022,Расход,Карта,Одежда,20000,KZT,20000,KZT,,
12.09.2022,Расход,Карта,Gym,13000,KZT,13000,KZT,,
12.09.2022,Расход,Карта,Продукты,2484,KZT,2484,KZT,,
12.09.2022,Расход,Карта,Досуг,300,KZT,300,KZT,,
11.09.2022,Расход,Карта,Хавчик,140,KZT,140,KZT,,
11.09.2022,Расход,Карта,Хавчик,930,KZT,930,KZT,,
11.09.2022,Расход,Карта,Хавчик,190,KZT,190,KZT,,
11.09.2022,Расход,Карта,Хавчик,830,KZT,830,KZT,,
11.09.2022,Расход,Карта,Тариф,3000,KZT,3000,KZT,,
10.09.2022,Расход,Карта,Хавчик,2200,KZT,2200,KZT,,
10.09.2022,Расход,Карта,Хавчик,400,KZT,400,KZT,,
09.09.2022,Расход,Карта,Хавчик,410,KZT,410,KZT,,
09.09.2022,Расход,Карта,Хавчик,600,KZT,600,KZT,,
09.09.2022,Расход,Карта,Хавчик,200,KZT,200,KZT,,
09.09.2022,Расход,Карта,Хавчик,1380,KZT,1380,KZT,,
08.09.2022,Расход,Карта,Хавчик,300,KZT,300,KZT,,
08.09.2022,Расход,Карта,Хавчик,1090,KZT,1090,KZT,,
08.09.2022,Расход,Карта,Хавчик,1160,KZT,1160,KZT,,
08.09.2022,Расход,Карта,Хавчик,120,KZT,120,KZT,,
08.09.2022,Расход,Карта,Хавчик,525,KZT,525,KZT,,
07.09.2022,Расход,Карта,Хавчик,320,KZT,320,KZT,,
07.09.2022,Расход,Карта,Хавчик,1090,KZT,1090,KZT,,
07.09.2022,Расход,Карта,Хавчик,720,KZT,720,KZT,,
07.09.2022,Расход,Карта,Хавчик,124,KZT,124,KZT,,
07.09.2022,Расход,Карта,Хавчик,154,KZT,154,KZT,,
07.09.2022,Расход,Карта,Хавчик,530,KZT,530,KZT,,
06.09.2022,Расход,Карта,Хавчик,960,KZT,960,KZT,,
06.09.2022,Расход,Карта,Хавчик,170,KZT,170,KZT,,
06.09.2022,Расход,Карта,Хавчик,140,KZT,140,KZT,,
06.09.2022,Расход,Карта,Хавчик,135,KZT,135,KZT,,
06.09.2022,Расход,Карта,Хавчик,157,KZT,157,KZT,,
06.09.2022,Расход,Карта,Транспорт,500,KZT,500,KZT,,
05.09.2022,Расход,Карта,Хавчик,623,KZT,623,KZT,,
05.09.2022,Расход,Карта,Хавчик,1410,KZT,1410,KZT,,
05.09.2022,Расход,Карта,Коммуналка,2370,KZT,2370,KZT,,
04.09.2022,Расход,Карта,Покупки,849,KZT,849,KZT,,
04.09.2022,Расход,Карта,Хавчик,900,KZT,900,KZT,,
03.09.2022,Расход,Карта,Хавчик,101,KZT,101,KZT,,
03.09.2022,Расход,Карта,Хавчик,590,KZT,590,KZT,,
02.09.2022,Расход,Карта,Досуг,7500,KZT,7500,KZT,,
02.09.2022,Расход,Карта,Транспорт,1492,KZT,1492,KZT,,
02.09.2022,Расход,Карта,Хавчик,400,KZT,400,KZT,,
02.09.2022,Расход,Карта,Хавчик,560,KZT,560,KZT,,
01.09.2022,Расход,Карта,Хавчик,220,KZT,220,KZT,,
01.09.2022,Расход,Карта,Хавчик,135,KZT,135,KZT,,
01.09.2022,Расход,Карта,Хавчик,116,KZT,116,KZT,,
01.09.2022,Расход,Карта,Хавчик,320,KZT,320,KZT,,
01.09.2022,Расход,Карта,Хавчик,390,KZT,390,KZT,,
01.09.2022,Расход,Карта,Хавчик,640,KZT,640,KZT,,
01.09.2022,Расход,Карта,Хавчик,390,KZT,390,KZT,,
01.09.2022,Расход,Карта,Хавчик,590,KZT,590,KZT,,
01.09.2022,Расход,Карта,Продукты,792,KZT,792,KZT,,
31.08.2022,Расход,Карта,Транспорт,2050,KZT,2050,KZT,,
31.08.2022,Расход,Карта,Хавчик,400,KZT,400,KZT,,
31.08.2022,Расход,Карта,Транспорт,500,KZT,500,KZT,,
31.08.2022,Расход,Карта,Покупки,820,KZT,820,KZT,,
31.08.2022,Расход,Карта,Хавчик,170,KZT,170,KZT,,
31.08.2022,Расход,Карта,Хавчик,900,KZT,900,KZT,,
31.08.2022,Расход,Карта,Хавчик,1520,KZT,1520,KZT,,
31.08.2022,Расход,Карта,Хавчик,490,KZT,490,KZT,,
31.08.2022,Расход,Карта,Хавчик,165,KZT,165,KZT,,
31.08.2022,Расход,Карта,Хавчик,133,KZT,133,KZT,,
31.08.2022,Расход,Карта,Хавчик,200,KZT,200,KZT,,
30.08.2022,Расход,Карта,Хавчик,660,KZT,660,KZT,,
30.08.2022,Расход,Карта,Хавчик,100,KZT,100,KZT,,
30.08.2022,Расход,Карта,Хавчик,165,KZT,165,KZT,,
30.08.2022,Расход,Карта,Хавчик,460,KZT,460,KZT,,
30.08.2022,Расход,Карта,Хавчик,940,KZT,940,KZT,,
30.08.2022,Расход,Карта,Хавчик,260,KZT,260,KZT,,
30.08.2022,Расход,Карта,Хавчик,240,KZT,240,KZT,,
30.08.2022,Расход,Карта,Хавчик,630,KZT,630,KZT,,
29.08.2022,Расход,Карта,Хавчик,160,KZT,160,KZT,,
29.08.2022,Расход,Карта,Одежда,5590,KZT,5590,KZT,,
29.08.2022,Расход,Карта,Хавчик,400,KZT,400,KZT,,
29.08.2022,Расход,Карта,Хавчик,1680,KZT,1680,KZT,,
29.08.2022,Расход,Карта,Хавчик,200,KZT,200,KZT,,
29.08.2022,Расход,Карта,Хавчик,200,KZT,200,KZT,,
28.08.2022,Расход,Карта,Хавчик,930,KZT,930,KZT,,
28.08.2022,Расход,Карта,Транспорт,1120,KZT,1120,KZT,,
28.08.2022,Расход,Карта,Хавчик,1545,KZT,1545,KZT,,
28.08.2022,Расход,Карта,Хавчик,460,KZT,460,KZT,,
28.08.2022,Расход,Карта,Хавчик,300,KZT,300,KZT,,
27.08.2022,Расход,Карта,Хавчик,260,KZT,260,KZT,,
27.08.2022,Расход,Карта,Хавчик,165,KZT,165,KZT,,
27.08.2022,Расход,Карта,Хавчик,200,KZT,200,KZT,,
27.08.2022,Расход,Карта,Хавчик,146,KZT,146,KZT,,
27.08.2022,Расход,Карта,Хавчик,860,KZT,860,KZT,,
27.08.2022,Расход,Карта,Хавчик,500,KZT,500,KZT,,
27.08.2022,Расход,Карта,Транспорт,620,KZT,620,KZT,,
26.08.2022,Расход,Карта,Хавчик,440,KZT,440,KZT,,
26.08.2022,Расход,Карта,Транспорт,80,KZT,80,KZT,,
26.08.2022,Расход,Карта,Хавчик,740,KZT,740,KZT,,
26.08.2022,Расход,Карта,Хавчик,150,KZT,150,KZT,,
26.08.2022,Расход,Карта,Хавчик,640,KZT,640,KZT,,
26.08.2022,Расход,Карта,Хавчик,315,KZT,315,KZT,,
25.08.2022,Расход,Карта,Хавчик,1400,KZT,1400,KZT,,
25.08.2022,Расход,Карта,Хавчик,1920,KZT,1920,KZT,,
25.08.2022,Расход,Карта,Хавчик,350,KZT,350,KZT,,
25.08.2022,Расход,Карта,Продукты,1850,KZT,1850,KZT,,
25.08.2022,Расход,Карта,Хавчик,625,KZT,625,KZT,,
25.08.2022,Расход,Карта,Хавчик,430,KZT,430,KZT,,
25.08.2022,Расход,Карта,Хавчик,116,KZT,116,KZT,,
25.08.2022,Расход,Карта,Хавчик,300,KZT,300,KZT,,
24.08.2022,Расход,Карта,Хавчик,150,KZT,150,KZT,,
23.08.2022,Расход,Карта,Хавчик,135,KZT,135,KZT,,
23.08.2022,Расход,Карта,Хавчик,300,KZT,300,KZT,,
23.08.2022,Расход,Карта,Хавчик,2529,KZT,2529,KZT,,
23.08.2022,Расход,Карта,Хавчик,390,KZT,390,KZT,,
23.08.2022,Расход,Карта,Хавчик,311,KZT,311,KZT,,
22.08.2022,Расход,Карта,Жильё,30000,KZT,30000,KZT,,
22.08.2022,Расход,Карта,Покупки,330,KZT,330,KZT,,
22.08.2022,Расход,Карта,Хавчик,620,KZT,620,KZT,,
22.08.2022,Расход,Карта,Хавчик,158,KZT,158,KZT,,
22.08.2022,Расход,Карта,Хавчик,640,KZT,640,KZT,,
22.08.2022,Расход,Карта,Хавчик,670,KZT,670,KZT,,
22.08.2022,Расход,Карта,Хавчик,154,KZT,154,KZT,,
22.08.2022,Расход,Карта,Хавчик,780,KZT,780,KZT,,
22.08.2022,Расход,Карта,Хавчик,101,KZT,101,KZT,,
21.08.2022,Расход,Карта,Хавчик,109,KZT,109,KZT,,
21.08.2022,Расход,Карта,Транспорт,890,KZT,890,KZT,,
21.08.2022,Расход,Карта,Хавчик,370,KZT,370,KZT,,
21.08.2022,Расход,Карта,Хавчик,113,KZT,113,KZT,,
21.08.2022,Расход,Карта,Хавчик,116,KZT,116,KZT,,
21.08.2022,Расход,Карта,Хавчик,177,KZT,177,KZT,,
21.08.2022,Расход,Карта,Хавчик,100,KZT,100,KZT,,
21.08.2022,Расход,Карта,Хавчик,790,KZT,790,KZT,,
20.08.2022,Расход,Карта,Хавчик,200,KZT,200,KZT,,
20.08.2022,Расход,Карта,Хавчик,780,KZT,780,KZT,,
20.08.2022,Расход,Карта,Хавчик,124,KZT,124,KZT,,
20.08.2022,Расход,Карта,Хавчик,290,KZT,290,KZT,,
20.08.2022,Расход,Карта,Хавчик,1890,KZT,1890,KZT,,
20.08.2022,Расход,Карта,Хавчик,400,KZT,400,KZT,,
19.08.2022,Расход,Карта,Хавчик,300,KZT,300,KZT,,
19.08.2022,Расход,Карта,Транспорт,1080,KZT,1080,KZT,,
19.08.2022,Расход,Карта,Транспорт,4000,KZT,4000,KZT,,
19.08.2022,Расход,Карта,Хавчик,1290,KZT,1290,KZT,,
19.08.2022,Расход,Карта,Транспорт,1580,KZT,1580,KZT,,
19.08.2022,Расход,Карта,Хавчик,2820,KZT,2820,KZT,,
15.08.2022,Расход,Карта,Транспорт,250,KZT,250,KZT,,
15.08.2022,Расход,Карта,Хавчик,700,KZT,700,KZT,,
15.08.2022,Расход,Карта,Транспорт,1010,KZT,1010,KZT,,
15.08.2022,Расход,Карта,Транспорт,3500,KZT,3500,KZT,,
15.08.2022,Расход,Карта,Хавчик,100,KZT,100,KZT,,
15.08.2022,Расход,Карта,Транспорт,1310,KZT,1310,KZT,,
15.08.2022,Расход,Карта,Хавчик,200,KZT,200,KZT,,
15.08.2022,Расход,Карта,Хавчик,790,KZT,790,KZT,,
15.08.2022,Расход,Карта,Хавчик,1180,KZT,1180,KZT,,
14.08.2022,Расход,Карта,Хавчик,1590,KZT,1590,KZT,,
14.08.2022,Расход,Карта,Хавчик,165,KZT,165,KZT,,
14.08.2022,Расход,Карта,Хавчик,590,KZT,590,KZT,,
14.08.2022,Расход,Карта,Хавчик,30,KZT,30,KZT,,
14.08.2022,Расход,Карта,Хавчик,725,KZT,725,KZT,,
14.08.2022,Расход,Карта,Транспорт,500,KZT,500,KZT,,
14.08.2022,Расход,Карта,Хавчик,1000,KZT,1000,KZT,,
13.08.2022,Расход,Карта,Хавчик,720,KZT,720,KZT,,
13.08.2022,Расход,Карта,Хавчик,780,KZT,780,KZT,,
13.08.2022,Расход,Карта,Хавчик,113,KZT,113,KZT,,
13.08.2022,Расход,Карта,Хавчик,260,KZT,260,KZT,,
13.08.2022,Расход,Карта,Хавчик,190,KZT,190,KZT,,
13.08.2022,Расход,Карта,Хавчик,480,KZT,480,KZT,,
13.08.2022,Расход,Карта,Хавчик,1580,KZT,1580,KZT,,
13.08.2022,Расход,Карта,Транспорт,80,KZT,80,KZT,,
13.08.2022,Расход,Карта,Хавчик,180,KZT,180,KZT,,
12.08.2022,Расход,Карта,Хавчик,1150,KZT,1150,KZT,,
12.08.2022,Расход,Карта,Хавчик,544,KZT,544,KZT,,
12.08.2022,Расход,Карта,Хавчик,400,KZT,400,KZT,,
12.08.2022,Расход,Карта,Покупки,17900,KZT,17900,KZT,,
11.08.2022,Расход,Карта,Хавчик,250,KZT,250,KZT,,
11.08.2022,Расход,Карта,Хавчик,1195,KZT,1195,KZT,,
10.08.2022,Расход,Карта,Транспорт,80,KZT,80,KZT,,
10.08.2022,Расход,Карта,Хавчик,880,KZT,880,KZT,,
10.08.2022,Расход,Карта,Хавчик,660,KZT,660,KZT,,
10.08.2022,Расход,Карта,Покупки,849,KZT,849,KZT,,
09.08.2022,Расход,Карта,Покупки,150,KZT,150,KZT,,
09.08.2022,Расход,Карта,Хавчик,1264,KZT,1264,KZT,,
09.08.2022,Расход,Карта,Покупки,2877,KZT,2877,KZT,,
09.08.2022,Расход,Карта,Хавчик,1970,KZT,1970,KZT,,
08.08.2022,Расход,Карта,Хавчик,810,KZT,810,KZT,,
08.08.2022,Расход,Карта,Хавчик,1050,KZT,1050,KZT,,
08.08.2022,Расход,Карта,Хавчик,200,KZT,200,KZT,,
08.08.2022,Расход,Карта,Покупки,70,KZT,70,KZT,,
08.08.2022,Расход,Карта,Хавчик,140,KZT,140,KZT,,
06.08.2022,Расход,Карта,Хавчик,310,KZT,310,KZT,,
06.08.2022,Расход,Карта,Хавчик,1540,KZT,1540,KZT,,
06.08.2022,Расход,Карта,Хавчик,255,KZT,255,KZT,,
05.08.2022,Расход,Карта,Покупки,1195,KZT,1195,KZT,,
05.08.2022,Расход,Карта,Образование,2420,KZT,2420,KZT,,
05.08.2022,Расход,Карта,Хавчик,780,KZT,780,KZT,,
03.08.2022,Расход,Карта,Продукты,4864,KZT,4864,KZT,,
02.08.2022,Расход,Карта,Хавчик,2070,KZT,2070,KZT,,
02.08.2022,Расход,Карта,Хавчик,710,KZT,710,KZT,,
01.08.2022,Расход,Карта,Хавчик,100,KZT,100,KZT,,
01.08.2022,Расход,Карта,Хавчик,780,KZT,780,KZT,,
01.08.2022,Расход,Карта,Хавчик,830,KZT,830,KZT,,
01.08.2022,Расход,Карта,Хавчик,145,KZT,145,KZT,,
01.08.2022,Расход,Карта,Хавчик,700,KZT,700,KZT,,
31.07.2022,Расход,Карта,Жильё,30000,KZT,30000,KZT,,
31.07.2022,Расход,Карта,Хавчик,310,KZT,310,KZT,,
31.07.2022,Расход,Карта,Хавчик,610,KZT,610,KZT,,
31.07.2022,Расход,Карта,Транспорт,1190,KZT,1190,KZT,,
30.07.2022,Расход,Карта,Продукты,700,KZT,700,KZT,,
30.07.2022,Расход,Карта,Хавчик,100,KZT,100,KZT,,
30.07.2022,Расход,Карта,Хавчик,210,KZT,210,KZT,,
30.07.2022,Расход,Карта,Хавчик,220,KZT,220,KZT,,
30.07.2022,Расход,Карта,Хавчик,830,KZT,830,KZT,,
30.07.2022,Расход,Карта,Хавчик,200,KZT,200,KZT,,
30.07.2022,Расход,Карта,Транспорт,500,KZT,500,KZT,,
29.07.2022,Расход,Карта,Хавчик,580,KZT,580,KZT,,
29.07.2022,Расход,Карта,Хавчик,200,KZT,200,KZT,,
29.07.2022,Расход,Карта,Хавчик,530,KZT,530,KZT,,
29.07.2022,Расход,Карта,Хавчик,670,KZT,670,KZT,,
29.07.2022,Расход,Карта,Хавчик,160,KZT,160,KZT,,
29.07.2022,Расход,Карта,Хавчик,360,KZT,360,KZT,,
28.07.2022,Расход,Карта,Хавчик,290,KZT,290,KZT,,
28.07.2022,Расход,Карта,Хавчик,510,KZT,510,KZT,,
28.07.2022,Расход,Карта,Хавчик,460,KZT,460,KZT,,
28.07.2022,Расход,Карта,Хавчик,270,KZT,270,KZT,,
28.07.2022,Расход,Карта,Хавчик,420,KZT,420,KZT,,
28.07.2022,Расход,Карта,Транспорт,80,KZT,80,KZT,,
27.07.2022,Расход,Карта,Продукты,2670,KZT,2670,KZT,,
27.07.2022,Расход,Карта,Хавчик,280,KZT,280,KZT,,
26.07.2022,Расход,Карта,Хавчик,835,KZT,835,KZT,,
26.07.2022,Расход,Карта,Хавчик,1030,KZT,1030,KZT,,
25.07.2022,Расход,Карта,Хавчик,1420,KZT,1420,KZT,,
24.07.2022,Расход,Карта,Хавчик,1020,KZT,1020,KZT,,
23.07.2022,Расход,Карта,Хавчик,320,KZT,320,KZT,,
23.07.2022,Расход,Карта,Хавчик,160,KZT,160,KZT,,
23.07.2022,Расход,Карта,Хавчик,355,KZT,355,KZT,,
22.07.2022,Расход,Карта,Покупки,3000,KZT,3000,KZT,,
22.07.2022,Расход,Карта,Хавчик,580,KZT,580,KZT,,
21.07.2022,Расход,Карта,Покупки,360,KZT,360,KZT,,
21.07.2022,Расход,Карта,Хавчик,2560,KZT,2560,KZT,,
21.07.2022,Расход,Карта,Хавчик,1180,KZT,1180,KZT,,
20.07.2022,Расход,Карта,Хавчик,928,KZT,928,KZT,,
20.07.2022,Расход,Карта,Хавчик,1550,KZT,1550,KZT,,
20.07.2022,Расход,Карта,Покупки,1152,KZT,1152,KZT,,
19.07.2022,Расход,Карта,Хавчик,1850,KZT,1850,KZT,,
19.07.2022,Расход,Карта,Хавчик,2570,KZT,2570,KZT,,
19.07.2022,Расход,Карта,Хавчик,290,KZT,290,KZT,,
19.07.2022,Расход,Карта,Хавчик,1125,KZT,1125,KZT,,
19.07.2022,Расход,Карта,Хавчик,1282,KZT,1282,KZT,,
19.07.2022,Расход,Карта,Транспорт,500,KZT,500,KZT,,
19.07.2022,Расход,Карта,Хавчик,1850,KZT,1850,KZT,,
18.07.2022,Расход,Карта,Хавчик,620,KZT,620,KZT,,
18.07.2022,Расход,Карта,Хавчик,478,KZT,478,KZT,,
18.07.2022,Расход,Карта,Хавчик,235,KZT,235,KZT,,
18.07.2022,Расход,Карта,Хавчик,620,KZT,620,KZT,,
18.07.2022,Расход,Карта,Транспорт,394,KZT,394,KZT,,
18.07.2022,Расход,Карта,Досуг,5690,KZT,5690,KZT,,
18.07.2022,Расход,Карта,Хавчик,2618,KZT,2618,KZT,,
17.07.2022,Расход,Карта,Хавчик,173,KZT,173,KZT,,
17.07.2022,Расход,Карта,Хавчик,530,KZT,530,KZT,,
17.07.2022,Расход,Карта,Хавчик,350,KZT,350,KZT,,
16.07.2022,Расход,Карта,Хавчик,175,KZT,175,KZT,,
16.07.2022,Расход,Карта,Хавчик,730,KZT,730,KZT,,
16.07.2022,Расход,Карта,Хавчик,730,KZT,730,KZT,,
15.07.2022,Расход,Карта,Покупки,1500,KZT,1500,KZT,,
15.07.2022,Расход,Карта,Хавчик,200,KZT,200,KZT,,
14.07.2022,Расход,Карта,Хавчик,880,KZT,880,KZT,,
14.07.2022,Расход,Карта,Покупки,5510,KZT,5510,KZT,,
14.07.2022,Расход,Карта,Хавчик,450,KZT,450,KZT,,
14.07.2022,Расход,Карта,Продукты,1450,KZT,1450,KZT,,
13.07.2022,Расход,Карта,Хавчик,940,KZT,940,KZT,,
13.07.2022,Расход,Карта,Хавчик,290,KZT,290,KZT,,
13.07.2022,Расход,Карта,Хавчик,735,KZT,735,KZT,,
12.07.2022,Расход,Карта,Хавчик,1580,KZT,1580,KZT,,
12.07.2022,Расход,Карта,Покупки,2585,KZT,2585,KZT,,
12.07.2022,Расход,Карта,Хавчик,380,KZT,380,KZT,,
12.07.2022,Расход,Карта,Хавчик,380,KZT,380,KZT,,
12.07.2022,Расход,Карта,Покупки,2500,KZT,2500,KZT,,
11.07.2022,Расход,Карта,Хавчик,2178,KZT,2178,KZT,,
11.07.2022,Расход,Карта,Покупки,4800,KZT,4800,KZT,,
11.07.2022,Расход,Карта,Транспорт,500,KZT,500,KZT,,
11.07.2022,Расход,Карта,Покупки,800,KZT,800,KZT,,
11.07.2022,Расход,Карта,Хавчик,200,KZT,200,KZT,,
10.07.2022,Расход,Карта,Хавчик,220,KZT,220,KZT,,
10.07.2022,Расход,Карта,Хавчик,330,KZT,330,KZT,,
10.07.2022,Расход,Карта,Хавчик,210,KZT,210,KZT,,
09.07.2022,Расход,Карта,Хавчик,730,KZT,730,KZT,,
09.07.2022,Расход,Карта,Образование,3890,KZT,3890,KZT,,
08.07.2022,Расход,Карта,Хавчик,210,KZT,210,KZT,,
07.07.2022,Расход,Карта,Досуг,4200,KZT,4200,KZT,,
07.07.2022,Расход,Карта,Хавчик,477,KZT,477,KZT,,
07.07.2022,Расход,Карта,Хавчик,1790,KZT,1790,KZT,,
06.07.2022,Расход,Карта,Покупки,80,KZT,80,KZT,,
06.07.2022,Расход,Карта,Покупки,850,KZT,850,KZT,,
06.07.2022,Расход,Карта,Хавчик,570,KZT,570,KZT,,
05.07.2022,Расход,Карта,Хавчик,50,KZT,50,KZT,,
04.07.2022,Расход,Карта,Продукты,3687,KZT,3687,KZT,,
04.07.2022,Расход,Карта,Хавчик,520,KZT,520,KZT,,
03.07.2022,Расход,Карта,Хавчик,1558,KZT,1558,KZT,,
02.07.2022,Расход,Карта,Покупки,466,KZT,466,KZT,,
02.07.2022,Расход,Карта,Хавчик,380,KZT,380,KZT,,
02.07.2022,Расход,Карта,Транспорт,100,KZT,100,KZT,,
01.07.2022,Расход,Карта,Покупки,1000,KZT,1000,KZT,,
01.07.2022,Расход,Карта,Хавчик,770,KZT,770,KZT,,
01.07.2022,Расход,Карта,Досуг,1800,KZT,1800,KZT,,
01.07.2022,Расход,Карта,Хавчик,515,KZT,515,KZT,,
01.07.2022,Расход,Карта,Транспорт,200,KZT,200,KZT,,
01.07.2022,Расход,Карта,Хавчик,1590,KZT,1590,KZT,,
01.07.2022,Расход,Карта,Транспорт,470,KZT,470,KZT,,
01.07.2022,Расход,Карта,Транспорт,500,KZT,500,KZT,,
30.06.2022,Расход,Карта,Жильё,36000,KZT,36000,KZT,,
30.06.2022,Расход,Карта,Образование,3450,KZT,3450,KZT,,
30.06.2022,Расход,Карта,Хавчик,730,KZT,730,KZT,,
30.06.2022,Расход,Карта,Транспорт,840,KZT,840,KZT,,
29.06.2022,Расход,Карта,Хавчик,630,KZT,630,KZT,,
29.06.2022,Расход,Карта,Хавчик,150,KZT,150,KZT,,
29.06.2022,Расход,Карта,Хавчик,1051,KZT,1051,KZT,,
29.06.2022,Расход,Карта,Хавчик,400,KZT,400,KZT,,
29.06.2022,Расход,Карта,Хавчик,1190,KZT,1190,KZT,,
29.06.2022,Расход,Карта,Хавчик,630,KZT,630,KZT,,
28.06.2022,Расход,Карта,Хавчик,260,KZT,260,KZT,,
28.06.2022,Расход,Карта,Покупки,3120,KZT,3120,KZT,,
28.06.2022,Расход,Карта,Хавчик,470,KZT,470,KZT,,
28.06.2022,Расход,Карта,Хавчик,580,KZT,580,KZT,,
28.06.2022,Расход,Карта,Хавчик,730,KZT,730,KZT,,
28.06.2022,Расход,Карта,Хавчик,815,KZT,815,KZT,,
28.06.2022,Расход,Карта,Хавчик,824,KZT,824,KZT,,
27.06.2022,Расход,Карта,Хавчик,260,KZT,260,KZT,,
27.06.2022,Расход,Карта,Хавчик,320,KZT,320,KZT,,
27.06.2022,Расход,Карта,Хавчик,210,KZT,210,KZT,,
27.06.2022,Расход,Карта,Хавчик,300,KZT,300,KZT,,
27.06.2022,Расход,Карта,Тариф,3000,KZT,3000,KZT,,
27.06.2022,Расход,Карта,Хавчик,370,KZT,370,KZT,,
26.06.2022,Расход,Карта,Хавчик,695,KZT,695,KZT,,
26.06.2022,Расход,Карта,Хавчик,400,KZT,400,KZT,,
26.06.2022,Расход,Карта,Хавчик,340,KZT,340,KZT,,
26.06.2022,Расход,Карта,Хавчик,210,KZT,210,KZT,,
26.06.2022,Расход,Карта,Хавчик,400,KZT,400,KZT,,
25.06.2022,Расход,Карта,Хавчик,1270,KZT,1270,KZT,,
24.06.2022,Расход,Карта,Хавчик,460,KZT,460,KZT,,
24.06.2022,Расход,Карта,Хавчик,2775,KZT,2775,KZT,,
24.06.2022,Расход,Карта,Хавчик,300,KZT,300,KZT,,
24.06.2022,Расход,Карта,Хавчик,1400,KZT,1400,KZT,,
23.06.2022,Расход,Карта,Хавчик,220,KZT,220,KZT,,
23.06.2022,Расход,Карта,Хавчик,500,KZT,500,KZT,,
23.06.2022,Расход,Карта,Хавчик,113,KZT,113,KZT,,
23.06.2022,Расход,Карта,Хавчик,990,KZT,990,KZT,,
22.06.2022,Расход,Карта,Хавчик,670,KZT,670,KZT,,
22.06.2022,Расход,Карта,Хавчик,730,KZT,730,KZT,,
22.06.2022,Расход,Карта,Хавчик,135,KZT,135,KZT,,
22.06.2022,Расход,Карта,Хавчик,160,KZT,160,KZT,,
22.06.2022,Расход,Карта,Хавчик,660,KZT,660,KZT,,
21.06.2022,Расход,Карта,Хавчик,110,KZT,110,KZT,,
21.06.2022,Расход,Карта,Хавчик,424,KZT,424,KZT,,
20.06.2022,Расход,Карта,Хавчик,550,KZT,550,KZT,,
20.06.2022,Расход,Карта,Хавчик,220,KZT,220,KZT,,
20.06.2022,Расход,Карта,Покупки,1100,KZT,1100,KZT,,
20.06.2022,Расход,Карта,Хавчик,500,KZT,500,KZT,,
19.06.2022,Расход,Карта,Хавчик,130,KZT,130,KZT,,
19.06.2022,Расход,Карта,Хавчик,580,KZT,580,KZT,,
19.06.2022,Расход,Карта,Хавчик,150,KZT,150,KZT,,
19.06.2022,Расход,Карта,Хавчик,470,KZT,470,KZT,,
18.06.2022,Расход,Карта,Хавчик,180,KZT,180,KZT,,
18.06.2022,Расход,Карта,Хавчик,470,KZT,470,KZT,,
17.06.2022,Расход,Карта,Хавчик,200,KZT,200,KZT,,
16.06.2022,Расход,Карта,Одежда,11500,KZT,11500,KZT,,
16.06.2022,Расход,Карта,Хавчик,780,KZT,780,KZT,,
16.06.2022,Расход,Карта,Хавчик,260,KZT,260,KZT,,
16.06.2022,Расход,Карта,Хавчик,250,KZT,250,KZT,,
16.06.2022,Расход,Карта,Хавчик,155,KZT,155,KZT,,
15.06.2022,Расход,Карта,Хавчик,210,KZT,210,KZT,,
14.06.2022,Расход,Карта,Хавчик,140,KZT,140,KZT,,
14.06.2022,Расход,Карта,Хавчик,570,KZT,570,KZT,,
14.06.2022,Расход,Карта,Хавчик,730,KZT,730,KZT,,
14.06.2022,Расход,Карта,Хавчик,450,KZT,450,KZT,,
13.06.2022,Расход,Карта,Хавчик,1233,KZT,1233,KZT,,
13.06.2022,Расход,Карта,Хавчик,750,KZT,750,KZT,,
12.06.2022,Расход,Карта,Транспорт,500,KZT,500,KZT,,
12.06.2022,Расход,Карта,Хавчик,510,KZT,510,KZT,,
12.06.2022,Расход,Карта,Хавчик,1010,KZT,1010,KZT,,
12.06.2022,Расход,Карта,Хавчик,1980,KZT,1980,KZT,,
12.06.2022,Расход,Карта,Хавчик,1550,KZT,1550,KZT,,
11.06.2022,Расход,Карта,Хавчик,250,KZT,250,KZT,,
11.06.2022,Расход,Карта,Хавчик,129,KZT,129,KZT,,
11.06.2022,Расход,Карта,Транспорт,910,KZT,910,KZT,,
10.06.2022,Расход,Карта,Хавчик,640,KZT,640,KZT,,
10.06.2022,Расход,Карта,Хавчик,630,KZT,630,KZT,,
10.06.2022,Расход,Карта,Хавчик,660,KZT,660,KZT,,
10.06.2022,Расход,Карта,Хавчик,150,KZT,150,KZT,,
10.06.2022,Расход,Карта,Хавчик,580,KZT,580,KZT,,
10.06.2022,Расход,Карта,Транспорт,680,KZT,680,KZT,,
09.06.2022,Расход,Карта,Хавчик,830,KZT,830,KZT,,
09.06.2022,Расход,Карта,Хавчик,980,KZT,980,KZT,,
09.06.2022,Расход,Карта,Транспорт,160,KZT,160,KZT,,
09.06.2022,Расход,Карта,Хавчик,630,KZT,630,KZT,,
08.06.2022,Расход,Карта,Хавчик,730,KZT,730,KZT,,
08.06.2022,Расход,Карта,Хавчик,330,KZT,330,KZT,,
08.06.2022,Расход,Карта,Хавчик,495,KZT,495,KZT,,
07.06.2022,Расход,Карта,Хавчик,10,KZT,10,KZT,,
07.06.2022,Расход,Карта,Хавчик,200,KZT,200,KZT,,
06.06.2022,Расход,Карта,Хавчик,200,KZT,200,KZT,,
06.06.2022,Расход,Карта,Покупки,165,KZT,165,KZT,,
06.06.2022,Расход,Карта,Хавчик,1270,KZT,1270,KZT,,
06.06.2022,Расход,Карта,Транспорт,2020,KZT,2020,KZT,,
05.06.2022,Расход,Карта,Хавчик,480,KZT,480,KZT,,
05.06.2022,Расход,Карта,Хавчик,290,KZT,290,KZT,,
05.06.2022,Расход,Карта,Продукты,5510,KZT,5510,KZT,,
04.06.2022,Расход,Карта,Хавчик,750,KZT,750,KZT,,
04.06.2022,Расход,Карта,Хавчик,1900,KZT,1900,KZT,,
03.06.2022,Расход,Карта,Хавчик,330,KZT,330,KZT,,
03.06.2022,Расход,Карта,Хавчик,730,KZT,730,KZT,,
03.06.2022,Расход,Карта,Хавчик,690,KZT,690,KZT,,
02.06.2022,Расход,Карта,Хавчик,690,KZT,690,KZT,,
02.06.2022,Расход,Карта,Хавчик,730,KZT,730,KZT,,
02.06.2022,Расход,Карта,Хавчик,280,KZT,280,KZT,,
01.06.2022,Расход,Карта,Хавчик,730,KZT,730,KZT,,
01.06.2022,Расход,Карта,Транспорт,360,KZT,360,KZT,,
01.06.2022,Расход,Карта,Хавчик,1130,KZT,1130,KZT,,
01.06.2022,Расход,Карта,Хавчик,200,KZT,200,KZT,,
31.05.2022,Расход,Карта,Жильё,30000,KZT,30000,KZT,,
31.05.2022,Расход,Карта,Покупки,1700,KZT,1700,KZT,,
31.05.2022,Расход,Карта,Хавчик,660,KZT,660,KZT,,
31.05.2022,Расход,Карта,Хавчик,710,KZT,710,KZT,,
30.05.2022,Расход,Карта,Хавчик,560,KZT,560,KZT,,
30.05.2022,Расход,Карта,Хавчик,1000,KZT,1000,KZT,,
30.05.2022,Расход,Карта,Транспорт,610,KZT,610,KZT,,
30.05.2022,Расход,Карта,Хавчик,700,KZT,700,KZT,,
30.05.2022,Расход,Карта,Хавчик,300,KZT,300,KZT,,
30.05.2022,Расход,Карта,Транспорт,10,KZT,10,KZT,,
30.05.2022,Расход,Карта,Транспорт,4910,KZT,4910,KZT,,
21.05.2022,Расход,Карта,Транспорт,610,KZT,610,KZT,,
21.05.2022,Расход,Карта,Транспорт,4000,KZT,4000,KZT,,
21.05.2022,Расход,Карта,Хавчик,450,KZT,450,KZT,,
21.05.2022,Расход,Карта,Хавчик,710,KZT,710,KZT,,
20.05.2022,Расход,Карта,Хавчик,1440,KZT,1440,KZT,,
20.05.2022,Расход,Карта,Хавчик,530,KZT,530,KZT,,
20.05.2022,Расход,Карта,Хавчик,300,KZT,300,KZT,,
20.05.2022,Расход,Карта,Хавчик,710,KZT,710,KZT,,
20.05.2022,Расход,Карта,Покупки,360,KZT,360,KZT,,
20.05.2022,Расход,Карта,Хавчик,630,KZT,630,KZT,,
19.05.2022,Расход,Карта,Хавчик,740,KZT,740,KZT,,
19.05.2022,Расход,Карта,Хавчик,710,KZT,710,KZT,,
19.05.2022,Расход,Карта,Хавчик,220,KZT,220,KZT,,
18.05.2022,Расход,Карта,Хавчик,130,KZT,130,KZT,,
18.05.2022,Расход,Карта,Хавчик,380,KZT,380,KZT,,
18.05.2022,Расход,Карта,Хавчик,400,KZT,400,KZT,,
18.05.2022,Расход,Карта,Транспорт,500,KZT,500,KZT,,
17.05.2022,Расход,Карта,Хавчик,710,KZT,710,KZT,,
17.05.2022,Расход,Карта,Хавчик,470,KZT,470,KZT,,
16.05.2022,Расход,Карта,Транспорт,1030,KZT,1030,KZT,,
16.05.2022,Расход,Карта,Хавчик,200,KZT,200,KZT,,
16.05.2022,Расход,Карта,Хавчик,410,KZT,410,KZT,,
16.05.2022,Расход,Карта,Хавчик,910,KZT,910,KZT,,
15.05.2022,Расход,Карта,Хавчик,1435,KZT,1435,KZT,,
15.05.2022,Расход,Карта,Хавчик,440,KZT,440,KZT,,
15.05.2022,Расход,Карта,Хавчик,710,KZT,710,KZT,,
14.05.2022,Расход,Карта,Хавчик,1500,KZT,1500,KZT,,
14.05.2022,Расход,Карта,Хавчик,200,KZT,200,KZT,,
13.05.2022,Расход,Карта,Покупки,232,KZT,232,KZT,,
13.05.2022,Расход,Карта,Покупки,180,KZT,180,KZT,,
13.05.2022,Расход,Карта,Покупки,1350,KZT,1350,KZT,,
13.05.2022,Расход,Карта,Продукты,200,KZT,200,KZT,,
13.05.2022,Расход,Карта,Продукты,2678,KZT,2678,KZT,,
12.05.2022,Расход,Карта,Хавчик,540,KZT,540,KZT,,
12.05.2022,Расход,Карта,Хавчик,3270,KZT,3270,KZT,,
12.05.2022,Расход,Карта,Хавчик,810,KZT,810,KZT,,
12.05.2022,Расход,Карта,Хавчик,560,KZT,560,KZT,,
12.05.2022,Расход,Карта,Покупки,980,KZT,980,KZT,,
12.05.2022,Расход,Карта,Хавчик,450,KZT,450,KZT,,
11.05.2022,Расход,Карта,Хавчик,580,KZT,580,KZT,,
10.05.2022,Расход,Карта,Хавчик,830,KZT,830,KZT,,
10.05.2022,Расход,Карта,Хавчик,750,KZT,750,KZT,,
10.05.2022,Расход,Карта,Хавчик,710,KZT,710,KZT,,
10.05.2022,Расход,Карта,Хавчик,280,KZT,280,KZT,,
10.05.2022,Расход,Карта,Хавчик,220,KZT,220,KZT,,
10.05.2022,Расход,Карта,Хавчик,2050,KZT,2050,KZT,,
09.05.2022,Расход,Карта,Хавчик,1894,KZT,1894,KZT,,
08.05.2022,Расход,Карта,Транспорт,240,KZT,240,KZT,,
08.05.2022,Расход,Карта,Хавчик,710,KZT,710,KZT,,
07.05.2022,Расход,Карта,Покупки,70,KZT,70,KZT,,
07.05.2022,Расход,Карта,Хавчик,590,KZT,590,KZT,,
07.05.2022,Расход,Карта,Хавчик,1200,KZT,1200,KZT,,
07.05.2022,Расход,Карта,Хавчик,710,KZT,710,KZT,,
06.05.2022,Расход,Карта,Хавчик,710,KZT,710,KZT,,
06.05.2022,Расход,Карта,Досуг,1000,KZT,1000,KZT,,
06.05.2022,Расход,Карта,Хавчик,675,KZT,675,KZT,,
06.05.2022,Расход,Карта,Досуг,3500,KZT,3500,KZT,,
06.05.2022,Расход,Карта,Хавчик,710,KZT,710,KZT,,
06.05.2022,Расход,Карта,Хавчик,590,KZT,590,KZT,,
05.05.2022,Расход,Карта,Хавчик,520,KZT,520,KZT,,
05.05.2022,Расход,Карта,Хавчик,900,KZT,900,KZT,,
04.05.2022,Расход,Карта,Хавчик,200,KZT,200,KZT,,
04.05.2022,Расход,Карта,Хавчик,185,KZT,185,KZT,,
04.05.2022,Расход,Карта,Хавчик,420,KZT,420,KZT,,
04.05.2022,Расход,Карта,Хавчик,380,KZT,380,KZT,,
04.05.2022,Расход,Карта,Покупки,100,KZT,100,KZT,,
04.05.2022,Расход,Карта,Покупки,580,KZT,580,KZT,,
04.05.2022,Расход,Карта,Хавчик,200,KZT,200,KZT,,
03.05.2022,Расход,Карта,Хавчик,540,KZT,540,KZT,,
03.05.2022,Расход,Карта,Хавчик,150,KZT,150,KZT,,
03.05.2022,Расход,Карта,Хавчик,215,KZT,215,KZT,,
03.05.2022,Расход,Карта,Хавчик,540,KZT,540,KZT,,
03.05.2022,Расход,Карта,Хавчик,430,KZT,430,KZT,,
03.05.2022,Расход,Карта,Хавчик,150,KZT,150,KZT,,
03.05.2022,Расход,Карта,Покупки,330,KZT,330,KZT,,
02.05.2022,Расход,Карта,Покупки,1000,KZT,1000,KZT,,
02.05.2022,Расход,Карта,Хавчик,700,KZT,700,KZT,,
02.05.2022,Расход,Карта,Хавчик,690,KZT,690,KZT,,
02.05.2022,Расход,Карта,Покупки,1080,KZT,1080,KZT,,
02.05.2022,Расход,Карта,Хавчик,540,KZT,540,KZT,,
02.05.2022,Расход,Карта,Хавчик,200,KZT,200,KZT,,
01.05.2022,Расход,Карта,Хавчик,975,KZT,975,KZT,,
01.05.2022,Расход,Карта,Хавчик,340,KZT,340,KZT,,
01.05.2022,Расход,Карта,Покупки,220,KZT,220,KZT,,
30.04.2022,Расход,Карта,Жильё,30000,KZT,30000,KZT,,
30.04.2022,Расход,Карта,Досуг,3000,KZT,3000,KZT,,
30.04.2022,Расход,Карта,Хавчик,760,KZT,760,KZT,,
30.04.2022,Расход,Карта,Хавчик,190,KZT,190,KZT,,
30.04.2022,Расход,Карта,Покупки,100,KZT,100,KZT,,
30.04.2022,Расход,Карта,Покупки,2590,KZT,2590,KZT,,
29.04.2022,Расход,Карта,Хавчик,1380,KZT,1380,KZT,,
29.04.2022,Расход,Карта,Покупки,120,KZT,120,KZT,,
29.04.2022,Расход,Карта,Хавчик,500,KZT,500,KZT,,
28.04.2022,Расход,Карта,Продукты,290,KZT,290,KZT,,
28.04.2022,Расход,Карта,Хавчик,100,KZT,100,KZT,,
28.04.2022,Расход,Карта,Хавчик,616,KZT,616,KZT,,
28.04.2022,Расход,Карта,Хавчик,450,KZT,450,KZT,,
28.04.2022,Расход,Карта,Покупки,890,KZT,890,KZT,,
27.04.2022,Расход,Карта,Хавчик,1753,KZT,1753,KZT,,
27.04.2022,Расход,Карта,Хавчик,315,KZT,315,KZT,,
27.04.2022,Расход,Карта,Хавчик,710,KZT,710,KZT,,
27.04.2022,Расход,Карта,Хавчик,690,KZT,690,KZT,,
26.04.2022,Расход,Карта,Хавчик,800,KZT,800,KZT,,
26.04.2022,Расход,Карта,Тариф,3000,KZT,3000,KZT,,
26.04.2022,Расход,Карта,Хавчик,750,KZT,750,KZT,,
25.04.2022,Расход,Карта,Хавчик,1140,KZT,1140,KZT,,
25.04.2022,Расход,Карта,Хавчик,450,KZT,450,KZT,,
24.04.2022,Расход,Карта,Хавчик,640,KZT,640,KZT,,
24.04.2022,Расход,Карта,Покупки,500,KZT,500,KZT,,
24.04.2022,Расход,Карта,Хавчик,450,KZT,450,KZT,,
24.04.2022,Расход,Карта,Транспорт,240,KZT,240,KZT,,
23.04.2022,Расход,Карта,Покупки,4585,KZT,4585,KZT,,
23.04.2022,Расход,Карта,Покупки,1000,KZT,1000,KZT,,
23.04.2022,Расход,Карта,Хавчик,450,KZT,450,KZT,,
23.04.2022,Расход,Карта,Хавчик,365,KZT,365,KZT,,
23.04.2022,Расход,Карта,Покупки,120,KZT,120,KZT,,
23.04.2022,Расход,Карта,Хавчик,350,KZT,350,KZT,,
23.04.2022,Расход,Карта,Досуг,450,KZT,450,KZT,,
22.04.2022,Расход,Карта,Хавчик,300,KZT,300,KZT,,
22.04.2022,Расход,Карта,Хавчик,1180,KZT,1180,KZT,,
22.04.2022,Расход,Карта,Транспорт,400,KZT,400,KZT,,
22.04.2022,Расход,Карта,Хавчик,450,KZT,450,KZT,,
22.04.2022,Расход,Карта,Покупки,1020,KZT,1020,KZT,,
22.04.2022,Расход,Карта,Образование,1318,KZT,1318,KZT,,
21.04.2022,Расход,Карта,Хавчик,470,KZT,470,KZT,,
21.04.2022,Расход,Карта,Хавчик,280,KZT,280,KZT,,
21.04.2022,Расход,Карта,Хавчик,570,KZT,570,KZT,,
20.04.2022,Расход,Карта,Продукты,1360,KZT,1360,KZT,,
20.04.2022,Расход,Карта,Хавчик,540,KZT,540,KZT,,
20.04.2022,Расход,Карта,Хавчик,390,KZT,390,KZT,,
20.04.2022,Расход,Карта,Хавчик,750,KZT,750,KZT,,
19.04.2022,Расход,Карта,Хавчик,450,KZT,450,KZT,,
19.04.2022,Расход,Карта,Хавчик,410,KZT,410,KZT,,
19.04.2022,Расход,Карта,Хавчик,450,KZT,450,KZT,,
19.04.2022,Расход,Карта,Хавчик,350,KZT,350,KZT,,
18.04.2022,Расход,Карта,Хавчик,475,KZT,475,KZT,,
18.04.2022,Расход,Карта,Хавчик,580,KZT,580,KZT,,
18.04.2022,Расход,Карта,Хавчик,1080,KZT,1080,KZT,,
18.04.2022,Расход,Карта,Транспорт,240,KZT,240,KZT,,
17.04.2022,Расход,Карта,Хавчик,280,KZT,280,KZT,,
17.04.2022,Расход,Карта,Продукты,1492,KZT,1492,KZT,,
17.04.2022,Расход,Карта,Хавчик,231,KZT,231,KZT,,
17.04.2022,Расход,Карта,Хавчик,362,KZT,362,KZT,,
16.04.2022,Расход,Карта,Хавчик,1395,KZT,1395,KZT,,
16.04.2022,Расход,Карта,Транспорт,560,KZT,560,KZT,,
16.04.2022,Расход,Карта,Хавчик,230,KZT,230,KZT,,
16.04.2022,Расход,Карта,Хавчик,450,KZT,450,KZT,,
16.04.2022,Расход,Карта,Хавчик,800,KZT,800,KZT,,
16.04.2022,Расход,Карта,Хавчик,200,KZT,200,KZT,,
15.04.2022,Расход,Карта,Хавчик,150,KZT,150,KZT,,
15.04.2022,Расход,Карта,Хавчик,540,KZT,540,KZT,,
15.04.2022,Расход,Карта,Хавчик,600,KZT,600,KZT,,
15.04.2022,Расход,Карта,Покупки,70,KZT,70,KZT,,
14.04.2022,Расход,Карта,Хавчик,100,KZT,100,KZT,,
14.04.2022,Расход,Карта,Хавчик,755,KZT,755,KZT,,
14.04.2022,Расход,Карта,Хавчик,500,KZT,500,KZT,,
13.04.2022,Расход,Карта,Хавчик,100,KZT,100,KZT,,
12.04.2022,Расход,Карта,Хавчик,390,KZT,390,KZT,,
12.04.2022,Расход,Карта,Хавчик,100,KZT,100,KZT,,
11.04.2022,Расход,Карта,Хавчик,100,KZT,100,KZT,,
11.04.2022,Расход,Карта,Транспорт,240,KZT,240,KZT,,
09.04.2022,Расход,Карта,Продукты,8027,KZT,8027,KZT,,
09.04.2022,Расход,Карта,Хавчик,293,KZT,293,KZT,,
09.04.2022,Расход,Карта,Хавчик,100,KZT,100,KZT,,
09.04.2022,Расход,Карта,Хавчик,170,KZT,170,KZT,,
08.04.2022,Расход,Карта,Хавчик,620,KZT,620,KZT,,
08.04.2022,Расход,Карта,Хавчик,970,KZT,970,KZT,,
08.04.2022,Расход,Карта,Хавчик,450,KZT,450,KZT,,
08.04.2022,Расход,Карта,Хавчик,500,KZT,500,KZT,,
07.04.2022,Расход,Карта,Хавчик,425,KZT,425,KZT,,
07.04.2022,Расход,Карта,Хавчик,920,KZT,920,KZT,,
07.04.2022,Расход,Карта,Хавчик,330,KZT,330,KZT,,
07.04.2022,Расход,Карта,Хавчик,450,KZT,450,KZT,,
07.04.2022,Расход,Карта,Хавчик,130,KZT,130,KZT,,
06.04.2022,Расход,Карта,Хавчик,550,KZT,550,KZT,,
06.04.2022,Расход,Карта,Хавчик,570,KZT,570,KZT,,
06.04.2022,Расход,Карта,Хавчик,900,KZT,900,KZT,,
06.04.2022,Расход,Карта,Покупки,1030,KZT,1030,KZT,,
05.04.2022,Расход,Карта,Хавчик,140,KZT,140,KZT,,
05.04.2022,Расход,Карта,Хавчик,270,KZT,270,KZT,,
05.04.2022,Расход,Карта,Хавчик,455,KZT,455,KZT,,
05.04.2022,Расход,Карта,Покупки,985,KZT,985,KZT,,
05.04.2022,Расход,Карта,Хавчик,450,KZT,450,KZT,,
04.04.2022,Расход,Карта,Досуг,4000,KZT,4000,KZT,,
04.04.2022,Расход,Карта,Хавчик,2035,KZT,2035,KZT,,
04.04.2022,Расход,Карта,Хавчик,355,KZT,355,KZT,,
04.04.2022,Расход,Карта,Хавчик,515,KZT,515,KZT,,
04.04.2022,Расход,Карта,Хавчик,500,KZT,500,KZT,,
04.04.2022,Расход,Карта,Транспорт,240,KZT,240,KZT,,
03.04.2022,Расход,Карта,Транспорт,180,KZT,180,KZT,,
03.04.2022,Расход,Карта,Хавчик,300,KZT,300,KZT,,
03.04.2022,Расход,Карта,Хавчик,350,KZT,350,KZT,,
03.04.2022,Расход,Карта,Хавчик,770,KZT,770,KZT,,
03.04.2022,Расход,Карта,Хавчик,469,KZT,469,KZT,,
03.04.2022,Расход,Карта,Хавчик,495,KZT,495,KZT,,
03.04.2022,Расход,Карта,Хавчик,270,KZT,270,KZT,,
02.04.2022,Расход,Карта,Хавчик,1380,KZT,1380,KZT,,
02.04.2022,Расход,Карта,Покупки,340,KZT,340,KZT,,
02.04.2022,Расход,Карта,Хавчик,370,KZT,370,KZT,,
02.04.2022,Расход,Карта,Хавчик,285,KZT,285,KZT,,
02.04.2022,Расход,Карта,Хавчик,535,KZT,535,KZT,,
01.04.2022,Расход,Карта,Покупки,3450,KZT,3450,KZT,,
01.04.2022,Расход,Карта,Хавчик,880,KZT,880,KZT,,
31.03.2022,Расход,Карта,Жильё,30000,KZT,30000,KZT,,
31.03.2022,Расход,Карта,Покупки,700,KZT,700,KZT,,
31.03.2022,Расход,Карта,Хавчик,215,KZT,215,KZT,,
31.03.2022,Расход,Карта,Хавчик,1050,KZT,1050,KZT,,
31.03.2022,Расход,Карта,Хавчик,380,KZT,380,KZT,,
29.03.2022,Расход,Карта,Хавчик,430,KZT,430,KZT,,
29.03.2022,Расход,Карта,Хавчик,300,KZT,300,KZT,,
29.03.2022,Расход,Карта,Покупки,100,KZT,100,KZT,,
29.03.2022,Расход,Карта,Покупки,14900,KZT,14900,KZT,,
29.03.2022,Расход,Карта,Хавчик,650,KZT,650,KZT,,
29.03.2022,Расход,Карта,Транспорт,240,KZT,240,KZT,,
28.03.2022,Расход,Карта,Хавчик,1260,KZT,1260,KZT,,
28.03.2022,Расход,Карта,Хавчик,345,KZT,345,KZT,,
28.03.2022,Расход,Карта,Хавчик,745,KZT,745,KZT,,
28.03.2022,Расход,Карта,Хавчик,750,KZT,750,KZT,,
28.03.2022,Расход,Карта,Хавчик,200,KZT,200,KZT,,
27.03.2022,Расход,Карта,Тариф,3000,KZT,3000,KZT,,
27.03.2022,Расход,Карта,Покупки,170,KZT,170,KZT,,
27.03.2022,Расход,Карта,Хавчик,1807,KZT,1807,KZT,,
26.03.2022,Расход,Карта,Хавчик,270,KZT,270,KZT,,
26.03.2022,Расход,Карта,Хавчик,786,KZT,786,KZT,,
26.03.2022,Расход,Карта,Хавчик,305,KZT,305,KZT,,
25.03.2022,Расход,Карта,Досуг,6530,KZT,6530,KZT,,
25.03.2022,Расход,Карта,Транспорт,500,KZT,500,KZT,,
25.03.2022,Расход,Карта,Транспорт,500,KZT,500,KZT,,
25.03.2022,Расход,Карта,Хавчик,1975,KZT,1975,KZT,,
25.03.2022,Расход,Карта,Хавчик,200,KZT,200,KZT,,
25.03.2022,Расход,Карта,Хавчик,400,KZT,400,KZT,,
25.03.2022,Расход,Карта,Хавчик,636,KZT,636,KZT,,
24.03.2022,Расход,Карта,Хавчик,436,KZT,436,KZT,,
24.03.2022,Расход,Карта,Хавчик,590,KZT,590,KZT,,
24.03.2022,Расход,Карта,Хавчик,380,KZT,380,KZT,,
23.03.2022,Расход,Карта,Хавчик,1850,KZT,1850,KZT,,
23.03.2022,Расход,Карта,Покупки,1500,KZT,1500,KZT,,
23.03.2022,Расход,Карта,Хавчик,240,KZT,240,KZT,,
22.03.2022,Расход,Карта,Покупки,760,KZT,760,KZT,,
22.03.2022,Расход,Карта,Хавчик,450,KZT,450,KZT,,
22.03.2022,Расход,Карта,Хавчик,270,KZT,270,KZT,,
22.03.2022,Расход,Карта,Хавчик,450,KZT,450,KZT,,
21.03.2022,Расход,Карта,Покупки,1582,KZT,1582,KZT,,
20.03.2022,Расход,Карта,Досуг,2000,KZT,2000,KZT,,
20.03.2022,Расход,Карта,Хавчик,573,KZT,573,KZT,,
20.03.2022,Расход,Карта,Хавчик,1590,KZT,1590,KZT,,
20.03.2022,Расход,Карта,Досуг,1500,KZT,1500,KZT,,
19.03.2022,Расход,Карта,Хавчик,700,KZT,700,KZT,,
19.03.2022,Расход,Карта,Хавчик,1410,KZT,1410,KZT,,
18.03.2022,Расход,Карта,Хавчик,248,KZT,248,KZT,,
18.03.2022,Расход,Карта,Хавчик,330,KZT,330,KZT,,
17.03.2022,Расход,Карта,Хавчик,380,KZT,380,KZT,,
16.03.2022,Расход,Карта,Хавчик,1920,KZT,1920,KZT,,
16.03.2022,Расход,Карта,Покупки,671,KZT,671,KZT,,
16.03.2022,Расход,Карта,Хавчик,260,KZT,260,KZT,,
15.03.2022,Расход,Карта,Хавчик,640,KZT,640,KZT,,
15.03.2022,Расход,Карта,Хавчик,680,KZT,680,KZT,,
14.03.2022,Расход,Карта,Хавчик,1913,KZT,1913,KZT,,
14.03.2022,Расход,Карта,Покупки,2046,KZT,2046,KZT,,
13.03.2022,Расход,Карта,Хавчик,820,KZT,820,KZT,,
12.03.2022,Расход,Карта,Хавчик,2645,KZT,2645,KZT,,
12.03.2022,Расход,Карта,Покупки,850,KZT,850,KZT,,
12.03.2022,Расход,Карта,Покупки,833,KZT,833,KZT,,
11.03.2022,Расход,Карта,Хавчик,1943,KZT,1943,KZT,,
10.03.2022,Расход,Карта,Покупки,70,KZT,70,KZT,,
10.03.2022,Расход,Карта,Хавчик,350,KZT,350,KZT,,
10.03.2022,Расход,Карта,Хавчик,950,KZT,950,KZT,,
09.03.2022,Расход,Карта,Покупки,1040,KZT,1040,KZT,,
09.03.2022,Расход,Карта,Хавчик,2464,KZT,2464,KZT,,
08.03.2022,Расход,Карта,Хавчик,702,KZT,702,KZT,,
08.03.2022,Расход,Карта,Хавчик,618,KZT,618,KZT,,
07.03.2022,Расход,Карта,Покупки,800,KZT,800,KZT,,
07.03.2022,Расход,Карта,Хавчик,1900,KZT,1900,KZT,,
06.03.2022,Расход,Карта,Транспорт,240,KZT,240,KZT,,
06.03.2022,Расход,Карта,Хавчик,2243,KZT,2243,KZT,,
05.03.2022,Расход,Карта,Хавчик,367,KZT,367,KZT,,
05.03.2022,Расход,Карта,Хавчик,980,KZT,980,KZT,,
05.03.2022,Расход,Карта,Хавчик,480,KZT,480,KZT,,
05.03.2022,Расход,Карта,Хавчик,370,KZT,370,KZT,,
04.03.2022,Расход,Карта,Хавчик,1636,KZT,1636,KZT,,
03.03.2022,Расход,Карта,Хавчик,250,KZT,250,KZT,,
03.03.2022,Расход,Карта,Транспорт,200,KZT,200,KZT,,
03.03.2022,Расход,Карта,Хавчик,1300,KZT,1300,KZT,,
03.03.2022,Расход,Карта,Покупки,2360,KZT,2360,KZT,,
03.03.2022,Расход,Карта,Хавчик,173,KZT,173,KZT,,
02.03.2022,Расход,Карта,Хавчик,240,KZT,240,KZT,,
02.03.2022,Расход,Карта,Покупки,416,KZT,416,KZT,,
02.03.2022,Расход,Карта,Хавчик,438,KZT,438,KZT,,
01.03.2022,Расход,Карта,Покупки,600,KZT,600,KZT,,
01.03.2022,Расход,Карта,Хавчик,330,KZT,330,KZT,,
01.03.2022,Расход,Карта,Хавчик,1000,KZT,1000,KZT,,
28.02.2022,Расход,Карта,Gym,8000,KZT,8000,KZT,,
28.02.2022,Расход,Карта,Жильё,30000,KZT,30000,KZT,,
28.02.2022,Расход,Карта,Хавчик,400,KZT,400,KZT,,
28.02.2022,Расход,Карта,Хавчик,940,KZT,940,KZT,,
28.02.2022,Расход,Карта,Хавчик,570,KZT,570,KZT,,
27.02.2022,Расход,Карта,Хавчик,510,KZT,510,KZT,,
26.02.2022,Расход,Карта,Продукты,760,KZT,760,KZT,,
26.02.2022,Расход,Карта,Хавчик,330,KZT,330,KZT,,
26.02.2022,Расход,Карта,Хавчик,1240,KZT,1240,KZT,,
25.02.2022,Расход,Карта,Хавчик,700,KZT,700,KZT,,
25.02.2022,Расход,Карта,Хавчик,610,KZT,610,KZT,,
25.02.2022,Расход,Карта,Хавчик,1306,KZT,1306,KZT,,
24.02.2022,Расход,Карта,Тариф,2850,KZT,2850,KZT,,
24.02.2022,Расход,Карта,Хавчик,1540,KZT,1540,KZT,,
23.02.2022,Расход,Карта,Хавчик,500,KZT,500,KZT,,
23.02.2022,Расход,Карта,Покупки,70,KZT,70,KZT,,
23.02.2022,Расход,Карта,Хавчик,350,KZT,350,KZT,,
23.02.2022,Расход,Карта,Хавчик,810,KZT,810,KZT,,
22.02.2022,Расход,Карта,Хавчик,520,KZT,520,KZT,,
22.02.2022,Расход,Карта,Одежда,12060,KZT,12060,KZT,,
22.02.2022,Расход,Карта,Хавчик,805,KZT,805,KZT,,
22.02.2022,Расход,Карта,Транспорт,240,KZT,240,KZT,,
21.02.2022,Расход,Карта,Хавчик,330,KZT,330,KZT,,
21.02.2022,Расход,Карта,Хавчик,1180,KZT,1180,KZT,,
20.02.2022,Расход,Карта,Хавчик,400,KZT,400,KZT,,
19.02.2022,Расход,Карта,Хавчик,410,KZT,410,KZT,,
19.02.2022,Расход,Карта,Хавчик,965,KZT,965,KZT,,
17.02.2022,Расход,Карта,Хавчик,782,KZT,782,KZT,,
16.02.2022,Расход,Карта,Хавчик,1080,KZT,1080,KZT,,
16.02.2022,Расход,Карта,Хавчик,525,KZT,525,KZT,,
15.02.2022,Расход,Карта,Хавчик,585,KZT,585,KZT,,
15.02.2022,Расход,Карта,Хавчик,400,KZT,400,KZT,,
15.02.2022,Расход,Карта,Хавчик,555,KZT,555,KZT,,
14.02.2022,Расход,Карта,Хавчик,2260,KZT,2260,KZT,,
13.02.2022,Расход,Карта,Хавчик,1085,KZT,1085,KZT,,
12.02.2022,Расход,Карта,Покупки,850,KZT,850,KZT,,
12.02.2022,Расход,Карта,Хавчик,1400,KZT,1400,KZT,,
12.02.2022,Расход,Карта,Покупки,200,KZT,200,KZT,,
11.02.2022,Расход,Карта,Хавчик,1808,KZT,1808,KZT,,
10.02.2022,Расход,Карта,Хавчик,790,KZT,790,KZT,,
10.02.2022,Расход,Карта,Покупки,240,KZT,240,KZT,,
10.02.2022,Расход,Карта,Покупки,750,KZT,750,KZT,,
10.02.2022,Расход,Карта,Хавчик,590,KZT,590,KZT,,
09.02.2022,Расход,Карта,Хавчик,350,KZT,350,KZT,,
09.02.2022,Расход,Карта,Покупки,140,KZT,140,KZT,,
08.02.2022,Расход,Карта,Хавчик,990,KZT,990,KZT,,
07.02.2022,Расход,Карта,Хавчик,490,KZT,490,KZT,,
07.02.2022,Расход,Карта,Хавчик,240,KZT,240,KZT,,
07.02.2022,Расход,Карта,Хавчик,400,KZT,400,KZT,,
06.02.2022,Расход,Карта,Образование,1800,KZT,1800,KZT,,
06.02.2022,Расход,Карта,Досуг,3000,KZT,3000,KZT,,
06.02.2022,Расход,Карта,Хавчик,250,KZT,250,KZT,,
06.02.2022,Расход,Карта,Хавчик,1490,KZT,1490,KZT,,
05.02.2022,Расход,Карта,Хавчик,170,KZT,170,KZT,,
04.02.2022,Расход,Карта,Хавчик,860,KZT,860,KZT,,
03.02.2022,Расход,Карта,Хавчик,1420,KZT,1420,KZT,,
03.02.2022,Расход,Карта,Хавчик,1150,KZT,1150,KZT,,
02.02.2022,Расход,Карта,Хавчик,560,KZT,560,KZT,,
01.02.2022,Расход,Карта,Хавчик,580,KZT,580,KZT,,
01.02.2022,Расход,Карта,Одежда,16000,KZT,16000,KZT,,
31.01.2022,Расход,Карта,Жильё,30000,KZT,30000,KZT,,
31.01.2022,Расход,Карта,Хавчик,550,KZT,550,KZT,,
31.01.2022,Расход,Карта,Хавчик,820,KZT,820,KZT,,
31.01.2022,Расход,Карта,Покупки,600,KZT,600,KZT,,
31.01.2022,Расход,Карта,Хавчик,1440,KZT,1440,KZT,,
30.01.2022,Расход,Карта,Хавчик,640,KZT,640,KZT,,
28.01.2022,Расход,Карта,Хавчик,820,KZT,820,KZT,,
28.01.2022,Расход,Карта,Хавчик,720,KZT,720,KZT,,
27.01.2022,Расход,Карта,Хавчик,770,KZT,770,KZT,,
25.01.2022,Расход,Карта,Транспорт,370,KZT,370,KZT,,
25.01.2022,Расход,Карта,Одежда,12700,KZT,12700,KZT,,
25.01.2022,Расход,Карта,Хавчик,1190,KZT,1190,KZT,,
24.01.2022,Расход,Карта,Хавчик,250,KZT,250,KZT,,
24.01.2022,Расход,Карта,Хавчик,1400,KZT,1400,KZT,,
24.01.2022,Расход,Карта,Тариф,3000,KZT,3000,KZT,,
23.01.2022,Расход,Карта,Хавчик,340,KZT,340,KZT,,
22.01.2022,Расход,Карта,Хавчик,1170,KZT,1170,KZT,,
22.01.2022,Расход,Карта,Транспорт,630,KZT,630,KZT,,
22.01.2022,Расход,Карта,Хавчик,430,KZT,430,KZT,,
22.01.2022,Расход,Карта,Хавчик,1800,KZT,1800,KZT,,
22.01.2022,Расход,Карта,Транспорт,1000,KZT,1000,KZT,,
22.01.2022,Расход,Карта,Транспорт,5000,KZT,5000,KZT,,
01.01.2022,Расход,Карта,Транспорт,250,KZT,250,KZT,,
01.01.2022,Расход,Карта,Хавчик,335,KZT,335,KZT,,
01.01.2022,Расход,Карта,Хавчик,780,KZT,780,KZT,,
01.01.2022,Расход,Карта,Транспорт,600,KZT,600,KZT,,
01.01.2022,Расход,Карта,Транспорт,100,KZT,100,KZT,,
31.12.2021,Расход,Карта,Жильё,30000,KZT,30000,KZT,,
29.12.2021,Расход,Карта,Транспорт,350,KZT,350,KZT,,
29.12.2021,Расход,Карта,Транспорт,800,KZT,800,KZT,,
29.12.2021,Расход,Карта,Транспорт,1000,KZT,1000,KZT,,
29.12.2021,Расход,Карта,Хавчик,500,KZT,500,KZT,,
29.12.2021,Расход,Карта,Хавчик,825,KZT,825,KZT,,
29.12.2021,Расход,Карта,Транспорт,1370,KZT,1370,KZT,,
29.12.2021,Расход,Карта,Транспорт,4500,KZT,4500,KZT,,
28.12.2021,Расход,Карта,Хавчик,885,KZT,885,KZT,,
28.12.2021,Расход,Карта,Хавчик,960,KZT,960,KZT,,
27.12.2021,Расход,Карта,Хавчик,160,KZT,160,KZT,,
27.12.2021,Расход,Карта,Покупки,120,KZT,120,KZT,,
27.12.2021,Расход,Карта,Хавчик,600,KZT,600,KZT,,
27.12.2021,Расход,Карта,Хавчик,522,KZT,522,KZT,,
26.12.2021,Расход,Карта,Хавчик,192,KZT,192,KZT,,
26.12.2021,Расход,Карта,Хавчик,1716,KZT,1716,KZT,,
26.12.2021,Расход,Карта,Продукты,200,KZT,200,KZT,,
25.12.2021,Расход,Карта,Хавчик,432,KZT,432,KZT,,
25.12.2021,Расход,Карта,Хавчик,522,KZT,522,KZT,,
24.12.2021,Расход,Карта,Тариф,3000,KZT,3000,KZT,,
24.12.2021,Расход,Карта,Хавчик,192,KZT,192,KZT,,
24.12.2021,Расход,Карта,Хавчик,610,KZT,610,KZT,,
23.12.2021,Расход,Карта,Продукты,430,KZT,430,KZT,,
23.12.2021,Расход,Карта,Хавчик,930,KZT,930,KZT,,
21.12.2021,Расход,Карта,Хавчик,570,KZT,570,KZT,,
21.12.2021,Расход,Карта,Хавчик,250,KZT,250,KZT,,
21.12.2021,Расход,Карта,Продукты,2036,KZT,2036,KZT,,
20.12.2021,Расход,Карта,Хавчик,860,KZT,860,KZT,,
20.12.2021,Расход,Карта,Хавчик,702,KZT,702,KZT,,
17.12.2021,Расход,Карта,Хавчик,815,KZT,815,KZT,,
17.12.2021,Расход,Карта,Хавчик,240,KZT,240,KZT,,
17.12.2021,Расход,Карта,Хавчик,582,KZT,582,KZT,,
16.12.2021,Расход,Карта,Хавчик,392,KZT,392,KZT,,
15.12.2021,Расход,Карта,Досуг,1800,KZT,1800,KZT,,
15.12.2021,Расход,Карта,Хавчик,724,KZT,724,KZT,,
15.12.2021,Расход,Карта,Хавчик,750,KZT,750,KZT,,
15.12.2021,Расход,Карта,Транспорт,120,KZT,120,KZT,,
15.12.2021,Расход,Карта,Хавчик,210,KZT,210,KZT,,
15.12.2021,Расход,Карта,Покупки,540,KZT,540,KZT,,
15.12.2021,Расход,Карта,Хавчик,528,KZT,528,KZT,,
14.12.2021,Расход,Карта,Хавчик,240,KZT,240,KZT,,
13.12.2021,Расход,Карта,Хавчик,440,KZT,440,KZT,,
13.12.2021,Расход,Карта,Хавчик,277,KZT,277,KZT,,
13.12.2021,Расход,Карта,Покупки,1200,KZT,1200,KZT,,
12.12.2021,Расход,Карта,Покупки,1500,KZT,1500,KZT,,
12.12.2021,Расход,Карта,Транспорт,60,KZT,60,KZT,,
12.12.2021,Расход,Карта,Хавчик,240,KZT,240,KZT,,
11.12.2021,Расход,Карта,Хавчик,220,KZT,220,KZT,,
10.12.2021,Расход,Карта,Хавчик,1127,KZT,1127,KZT,,
10.12.2021,Расход,Карта,Хавчик,1190,KZT,1190,KZT,,
09.12.2021,Расход,Карта,Транспорт,400,KZT,400,KZT,,
09.12.2021,Расход,Карта,Транспорт,227,KZT,227,KZT,,
09.12.2021,Расход,Карта,Хавчик,645,KZT,645,KZT,,
09.12.2021,Расход,Карта,Хавчик,700,KZT,700,KZT,,
08.12.2021,Расход,Карта,Хавчик,175,KZT,175,KZT,,
08.12.2021,Расход,Карта,Транспорт,1460,KZT,1460,KZT,,
07.12.2021,Расход,Карта,Хавчик,320,KZT,320,KZT,,
07.12.2021,Расход,Карта,Покупки,600,KZT,600,KZT,,
07.12.2021,Расход,Карта,Покупки,600,KZT,600,KZT,,
06.12.2021,Расход,Карта,Покупки,108,KZT,108,KZT,,
06.12.2021,Расход,Карта,Хавчик,240,KZT,240,KZT,,
05.12.2021,Расход,Карта,Хавчик,120,KZT,120,KZT,,
05.12.2021,Расход,Карта,Покупки,1870,KZT,1870,KZT,,
05.12.2021,Расход,Карта,Хавчик,240,KZT,240,KZT,,
05.12.2021,Расход,Карта,Хавчик,320,KZT,320,KZT,,
04.12.2021,Расход,Карта,Продукты,6438,KZT,6438,KZT,,
04.12.2021,Расход,Карта,Покупки,100,KZT,100,KZT,,
04.12.2021,Расход,Карта,Хавчик,330,KZT,330,KZT,,
04.12.2021,Расход,Карта,Хавчик,300,KZT,300,KZT,,
03.12.2021,Расход,Карта,Хавчик,1180,KZT,1180,KZT,,
03.12.2021,Расход,Карта,Покупки,6180,KZT,6180,KZT,,
03.12.2021,Расход,Карта,Хавчик,250,KZT,250,KZT,,
03.12.2021,Расход,Карта,Хавчик,500,KZT,500,KZT,,
02.12.2021,Расход,Карта,Хавчик,58,KZT,58,KZT,,
02.12.2021,Расход,Карта,Хавчик,494,KZT,494,KZT,,
02.12.2021,Расход,Карта,Хавчик,487,KZT,487,KZT,,
02.12.2021,Расход,Карта,Хавчик,93,KZT,93,KZT,,
02.12.2021,Расход,Карта,Хавчик,445,KZT,445,KZT,,
02.12.2021,Расход,Карта,Хавчик,300,KZT,300,KZT,,
01.12.2021,Расход,Карта,Транспорт,440,KZT,440,KZT,,
01.12.2021,Расход,Карта,Покупки,50,KZT,50,KZT,,
01.12.2021,Расход,Карта,Хавчик,210,KZT,210,KZT,,
01.12.2021,Расход,Карта,Хавчик,265,KZT,265,KZT,,
30.11.2021,Расход,Карта,Жильё,30000,KZT,30000,KZT,,
30.11.2021,Расход,Карта,Хавчик,1138,KZT,1138,KZT,,
30.11.2021,Расход,Карта,Хавчик,80,KZT,80,KZT,,
30.11.2021,Расход,Карта,Хавчик,833,KZT,833,KZT,,
30.11.2021,Расход,Карта,Хавчик,1539,KZT,1539,KZT,,
30.11.2021,Расход,Карта,Покупки,530,KZT,530,KZT,,
30.11.2021,Расход,Карта,Тариф,2543,KZT,2543,KZT,,
30.11.2021,Расход,Карта,Тариф,448,KZT,448,KZT,,
29.11.2021,Расход,Карта,Покупки,250,KZT,250,KZT,,
29.11.2021,Расход,Карта,Покупки,2500,KZT,2500,KZT,,
29.11.2021,Расход,Карта,Хавчик,300,KZT,300,KZT,,
28.11.2021,Расход,Карта,Хавчик,260,KZT,260,KZT,,
27.11.2021,Расход,Карта,Досуг,600,KZT,600,KZT,,
27.11.2021,Расход,Карта,Хавчик,640,KZT,640,KZT,,
26.11.2021,Расход,Карта,Хавчик,2590,KZT,2590,KZT,,
26.11.2021,Расход,Карта,Хавчик,460,KZT,460,KZT,,
25.11.2021,Расход,Карта,Хавчик,230,KZT,230,KZT,,
25.11.2021,Расход,Карта,Покупки,60,KZT,60,KZT,,
25.11.2021,Расход,Карта,Хавчик,290,KZT,290,KZT,,
25.11.2021,Расход,Карта,Хавчик,300,KZT,300,KZT,,
25.11.2021,Расход,Карта,Покупки,215,KZT,215,KZT,,
25.11.2021,Расход,Карта,Хавчик,566,KZT,566,KZT,,
24.11.2021,Расход,Карта,Покупки,85,KZT,85,KZT,,
24.11.2021,Расход,Карта,Покупки,145,KZT,145,KZT,,
24.11.2021,Расход,Карта,Хавчик,229,KZT,229,KZT,,
24.11.2021,Расход,Карта,Хавчик,262,KZT,262,KZT,,
23.11.2021,Расход,Карта,Покупки,200,KZT,200,KZT,,
23.11.2021,Расход,Карта,Покупки,70,KZT,70,KZT,,
23.11.2021,Расход,Карта,Хавчик,80,KZT,80,KZT,,
23.11.2021,Расход,Карта,Хавчик,165,KZT,165,KZT,,
23.11.2021,Расход,Карта,Хавчик,165,KZT,165,KZT,,
23.11.2021,Расход,Карта,Хавчик,165,KZT,165,KZT,,
23.11.2021,Расход,Карта,Покупки,116,KZT,116,KZT,,
23.11.2021,Расход,Карта,Покупки,165,KZT,165,KZT,,
23.11.2021,Расход,Карта,Хавчик,200,KZT,200,KZT,,
22.11.2021,Расход,Карта,Хавчик,130,KZT,130,KZT,,
22.11.2021,Расход,Карта,Хавчик,130,KZT,130,KZT,,
22.11.2021,Расход,Карта,Хавчик,260,KZT,260,KZT,,
22.11.2021,Расход,Карта,Хавчик,500,KZT,500,KZT,,
22.11.2021,Расход,Карта,Хавчик,420,KZT,420,KZT,,
21.11.2021,Расход,Карта,Хавчик,210,KZT,210,KZT,,
21.11.2021,Расход,Карта,Хавчик,1195,KZT,1195,KZT,,
21.11.2021,Расход,Карта,Хавчик,300,KZT,300,KZT,,
20.11.2021,Расход,Карта,Хавчик,100,KZT,100,KZT,,
20.11.2021,Расход,Карта,Досуг,480,KZT,480,KZT,,
20.11.2021,Расход,Карта,Хавчик,400,KZT,400,KZT,,
20.11.2021,Расход,Карта,Хавчик,600,KZT,600,KZT,,
20.11.2021,Расход,Карта,Хавчик,600,KZT,600,KZT,,
19.11.2021,Расход,Карта,Хавчик,250,KZT,250,KZT,,
19.11.2021,Расход,Карта,Хавчик,470,KZT,470,KZT,,
19.11.2021,Расход,Карта,Покупки,450,KZT,450,KZT,,
19.11.2021,Расход,Карта,Покупки,590,KZT,590,KZT,,
19.11.2021,Расход,Карта,Хавчик,510,KZT,510,KZT,,
18.11.2021,Расход,Карта,Покупки,140,KZT,140,KZT,,
18.11.2021,Расход,Карта,Покупки,228,KZT,228,KZT,,
18.11.2021,Расход,Карта,Хавчик,250,KZT,250,KZT,,
18.11.2021,Расход,Карта,Покупки,235,KZT,235,KZT,,
18.11.2021,Расход,Карта,Транспорт,1190,KZT,1190,KZT,,
17.11.2021,Расход,Карта,Покупки,75,KZT,75,KZT,,
17.11.2021,Расход,Карта,Хавчик,750,KZT,750,KZT,,
16.11.2021,Расход,Карта,Покупки,200,KZT,200,KZT,,
16.11.2021,Расход,Карта,Покупки,300,KZT,300,KZT,,
16.11.2021,Расход,Карта,Хавчик,250,KZT,250,KZT,,
16.11.2021,Расход,Карта,Хавчик,500,KZT,500,KZT,,
16.11.2021,Расход,Карта,Хавчик,190,KZT,190,KZT,,
15.11.2021,Расход,Карта,Хавчик,500,KZT,500,KZT,,
15.11.2021,Расход,Карта,Хавчик,880,KZT,880,KZT,,
15.11.2021,Расход,Карта,Транспорт,160,KZT,160,KZT,,
15.11.2021,Расход,Карта,Транспорт,80,KZT,80,KZT,,
15.11.2021,Расход,Карта,Хавчик,130,KZT,130,KZT,,
15.11.2021,Расход,Карта,Хавчик,500,KZT,500,KZT,,
14.11.2021,Расход,Карта,Хавчик,440,KZT,440,KZT,,
14.11.2021,Расход,Карта,Хавчик,100,KZT,100,KZT,,
14.11.2021,Расход,Карта,Хавчик,100,KZT,100,KZT,,
13.11.2021,Расход,Карта,Хавчик,530,KZT,530,KZT,,
13.11.2021,Расход,Карта,Хавчик,1340,KZT,1340,KZT,,
13.11.2021,Расход,Карта,Досуг,3000,KZT,3000,KZT,,
12.11.2021,Расход,Карта,Покупки,1000,KZT,1000,KZT,,
12.11.2021,Расход,Карта,Покупки,110,KZT,110,KZT,,
12.11.2021,Расход,Карта,Покупки,2190,KZT,2190,KZT,,
12.11.2021,Расход,Карта,Хавчик,500,KZT,500,KZT,,
12.11.2021,Расход,Карта,Хавчик,560,KZT,560,KZT,,
11.11.2021,Расход,Карта,Хавчик,450,KZT,450,KZT,,
11.11.2021,Расход,Карта,Хавчик,120,KZT,120,KZT,,
11.11.2021,Расход,Карта,Хавчик,1310,KZT,1310,KZT,,
10.11.2021,Расход,Карта,Хавчик,550,KZT,550,KZT,,
10.11.2021,Расход,Карта,Хавчик,680,KZT,680,KZT,,
10.11.2021,Расход,Карта,Транспорт,480,KZT,480,KZT,,
10.11.2021,Расход,Карта,Хавчик,560,KZT,560,KZT,,
09.11.2021,Расход,Карта,Хавчик,290,KZT,290,KZT,,
09.11.2021,Расход,Карта,Хавчик,410,KZT,410,KZT,,
09.11.2021,Расход,Карта,Хавчик,350,KZT,350,KZT,,
09.11.2021,Расход,Карта,Хавчик,620,KZT,620,KZT,,
08.11.2021,Расход,Карта,Хавчик,250,KZT,250,KZT,,
08.11.2021,Расход,Карта,Хавчик,250,KZT,250,KZT,,
07.11.2021,Расход,Карта,Продукты,2535,KZT,2535,KZT,,
07.11.2021,Расход,Карта,Хавчик,250,KZT,250,KZT,,
06.11.2021,Расход,Карта,Покупки,325,KZT,325,KZT,,
06.11.2021,Расход,Карта,Покупки,525,KZT,525,KZT,,
06.11.2021,Расход,Карта,Продукты,475,KZT,475,KZT,,
05.11.2021,Расход,Карта,Хавчик,450,KZT,450,KZT,,
04.11.2021,Расход,Карта,Хавчик,1560,KZT,1560,KZT,,
04.11.2021,Расход,Карта,Хавчик,420,KZT,420,KZT,,
03.11.2021,Расход,Карта,Покупки,300,KZT,300,KZT,,
03.11.2021,Расход,Карта,Покупки,1980,KZT,1980,KZT,,
03.11.2021,Расход,Карта,Покупки,840,KZT,840,KZT,,
02.11.2021,Расход,Карта,Хавчик,1650,KZT,1650,KZT,,
02.11.2021,Расход,Карта,Продукты,500,KZT,500,KZT,,
01.11.2021,Расход,Карта,Продукты,310,KZT,310,KZT,,
01.11.2021,Расход,Карта,Покупки,200,KZT,200,KZT,,
01.11.2021,Расход,Карта,Продукты,210,KZT,210,KZT,,
01.11.2021,Расход,Карта,Продукты,376,KZT,376,KZT,,
31.10.2021,Расход,Карта,Жильё,30000,KZT,30000,KZT,,
31.10.2021,Расход,Карта,Одежда,20000,KZT,20000,KZT,,
31.10.2021,Расход,Карта,Хавчик,1170,KZT,1170,KZT,,
31.10.2021,Расход,Карта,Покупки,560,KZT,560,KZT,,
31.10.2021,Расход,Карта,Транспорт,400,KZT,400,KZT,,
30.10.2021,Расход,Карта,Хавчик,1180,KZT,1180,KZT,,
30.10.2021,Расход,Карта,Покупки,150,KZT,150,KZT,,
30.10.2021,Расход,Карта,Хавчик,470,KZT,470,KZT,,
30.10.2021,Расход,Карта,Досуг,500,KZT,500,KZT,,
30.10.2021,Расход,Карта,Хавчик,700,KZT,700,KZT,,
30.10.2021,Расход,Карта,Покупки,2720,KZT,2720,KZT,,
29.10.2021,Расход,Карта,Хавчик,2090,KZT,2090,KZT,,
29.10.2021,Расход,Карта,Досуг,300,KZT,300,KZT,,
29.10.2021,Расход,Карта,Транспорт,400,KZT,400,KZT,,
28.10.2021,Расход,Карта,Хавчик,200,KZT,200,KZT,,
28.10.2021,Расход,Карта,Продукты,250,KZT,250,KZT,,
28.10.2021,Расход,Карта,Продукты,360,KZT,360,KZT,,
27.10.2021,Расход,Карта,Хавчик,240,KZT,240,KZT,,
27.10.2021,Расход,Карта,Продукты,400,KZT,400,KZT,,
27.10.2021,Расход,Карта,Продукты,380,KZT,380,KZT,,
27.10.2021,Расход,Карта,Транспорт,220,KZT,220,KZT,,
26.10.2021,Расход,Карта,Продукты,1120,KZT,1120,KZT,,
26.10.2021,Расход,Карта,Продукты,1310,KZT,1310,KZT,,
26.10.2021,Расход,Карта,Продукты,380,KZT,380,KZT,,
25.10.2021,Расход,Карта,Хавчик,500,KZT,500,KZT,,
25.10.2021,Расход,Карта,Хавчик,1380,KZT,1380,KZT,,
25.10.2021,Расход,Карта,Продукты,280,KZT,280,KZT,,
24.10.2021,Расход,Карта,Транспорт,500,KZT,500,KZT,,
23.10.2021,Расход,Карта,Хавчик,1300,KZT,1300,KZT,,
22.10.2021,Расход,Карта,Хавчик,2720,KZT,2720,KZT,,
22.10.2021,Расход,Карта,Хавчик,820,KZT,820,KZT,,
21.10.2021,Расход,Карта,Хавчик,650,KZT,650,KZT,,
21.10.2021,Расход,Карта,Транспорт,810,KZT,810,KZT,,
20.10.2021,Расход,Карта,Хавчик,2400,KZT,2400,KZT,,
19.10.2021,Расход,Карта,Хавчик,2340,KZT,2340,KZT,,
19.10.2021,Расход,Карта,Транспорт,2180,KZT,2180,KZT,,
19.10.2021,Расход,Карта,Покупки,800,KZT,800,KZT,,
18.10.2021,Расход,Карта,Транспорт,300,KZT,300,KZT,,
18.10.2021,Расход,Карта,Покупки,6475,KZT,6475,KZT,,
18.10.2021,Расход,Карта,Транспорт,500,KZT,500,KZT,,
,,,,,,,,,
,,,,,,,,,
НАЗВАНИЕ,БАЛАНС,ВАЛЮТА,,,,,,,
Карта,-1622762.41,KZT,,,,,,,
Наличные,0,KZT,,,,,,,